-- --------------------------------------------------------
-- Host:                         127.0.0.1
-- Versión del servidor:         10.5.15-MariaDB - mariadb.org binary distribution
-- SO del servidor:              Win64
-- HeidiSQL Versión:             11.3.0.6295
-- --------------------------------------------------------

/*!40101 SET @OLD_CHARACTER_SET_CLIENT=@@CHARACTER_SET_CLIENT */;
/*!40101 SET NAMES utf8 */;
/*!50503 SET NAMES utf8mb4 */;
/*!40014 SET @OLD_FOREIGN_KEY_CHECKS=@@FOREIGN_KEY_CHECKS, FOREIGN_KEY_CHECKS=0 */;
/*!40101 SET @OLD_SQL_MODE=@@SQL_MODE, SQL_MODE='NO_AUTO_VALUE_ON_ZERO' */;
/*!40111 SET @OLD_SQL_NOTES=@@SQL_NOTES, SQL_NOTES=0 */;


-- Volcando estructura de base de datos para ids_tpv
CREATE DATABASE IF NOT EXISTS `ids_tpv` /*!40100 DEFAULT CHARACTER SET utf8 */;
USE `ids_tpv`;

-- Volcando estructura para tabla ids_tpv.articulos
CREATE TABLE IF NOT EXISTS `articulos` (
  `ART_ID` int(10) NOT NULL AUTO_INCREMENT,
  `ART_NOM` varchar(50) DEFAULT NULL,
  `ART_ORDEN` int(10) NOT NULL,
  `ART_NOM_CORTO` varchar(20) DEFAULT NULL,
  `ART_IMAGEN` varchar(250) DEFAULT NULL,
  `ART_NOM_LARGO` varchar(50) DEFAULT NULL,
  `ART_COLOR_FONDO` varchar(50) DEFAULT NULL,
  `ART_COLOR_FUENTE` varchar(50) DEFAULT NULL,
  `ART_PRN_COMANDA` int(10) DEFAULT NULL,
  `ART_PRN_AUXILIAR` int(10) DEFAULT NULL,
  `ART_FAM` int(10) DEFAULT NULL,
  `ART_FAM_COMB` int(10) DEFAULT NULL,
  `ART_FAM_NOTA` int(10) DEFAULT NULL,
  `ART_FAM_SUPLE` int(10) DEFAULT NULL,
  `ART_TIPO_IVA` int(10) DEFAULT NULL,
  `ART_FAV1` int(10) DEFAULT NULL,
  `ART_FAV2` int(10) DEFAULT NULL,
  `ART_FAV3` int(10) DEFAULT NULL,
  `ART_INC_COMB` double(15,5) DEFAULT NULL,
  `ART_PRN_AUXILIAR2` varchar(250) DEFAULT NULL,
  PRIMARY KEY (`ART_ID`)
) ENGINE=InnoDB AUTO_INCREMENT=60 DEFAULT CHARSET=latin1;

-- Volcando datos para la tabla ids_tpv.articulos: ~58 rows (aproximadamente)
DELETE FROM `articulos`;
/*!40000 ALTER TABLE `articulos` DISABLE KEYS */;
INSERT INTO `articulos` (`ART_ID`, `ART_NOM`, `ART_ORDEN`, `ART_NOM_CORTO`, `ART_IMAGEN`, `ART_NOM_LARGO`, `ART_COLOR_FONDO`, `ART_COLOR_FUENTE`, `ART_PRN_COMANDA`, `ART_PRN_AUXILIAR`, `ART_FAM`, `ART_FAM_COMB`, `ART_FAM_NOTA`, `ART_FAM_SUPLE`, `ART_TIPO_IVA`, `ART_FAV1`, `ART_FAV2`, `ART_FAV3`, `ART_INC_COMB`, `ART_PRN_AUXILIAR2`) VALUES
	(1, 'PAN', 1, 'PAN', '\\imagenes\\productos\\PAN.png', '', '-16744320', '-1', 0, 0, 1, 0, 0, 0, 2, 0, 0, 0, 0.00000, '0'),
	(2, 'PAN INTEGRAL', 15, '', '\\imagenes\\productos\\INTEGRAL.png', 'PAN INTEGRAL', '-16744320', '-1', 0, 0, 1, 0, 0, 0, 2, 0, 0, 0, 0.00000, '0'),
	(3, 'PAN RALLADO', 25, 'PAN RALLADO', '\\imagenes\\productos\\IMG_5421.jpg', '', '-16744320', '-1', 0, 0, 1, 0, 0, 0, 1, 0, 0, 0, 0.00000, '0'),
	(4, 'PALILLOS Y PICOS', 26, 'PALILLOS', '\\imagenes\\productos\\copia_IMG_5422.jpg', '', '-16744320', '-1', 0, 0, 1, 0, 0, 0, 1, 0, 0, 0, 0.00000, '0'),
	(5, 'DULCES Y BOLLERIA', 1, 'BOLLERIA', '\\imagenes\\productos\\DULCES Y BOLLERIA.png', '', '-16744320', '-1', 0, 0, 2, 0, 0, 0, 1, 0, 0, 0, 0.00000, '0'),
	(6, 'ALIMENTACION', 1, 'ALIMENTACION', '\\imagenes\\productos\\ALIMENTACION.jpg', '', '-16744320', '-1', 0, 0, 3, 0, 0, 0, 1, 0, 0, 0, 0.00000, '0'),
	(7, 'LECHE', 2, 'LECHE', '\\imagenes\\productos\\LECHE.png', '', '-16744320', '-1', 0, 0, 3, 0, 0, 0, 2, 0, 0, 0, 0.00000, '0'),
	(8, 'COCACOLA', 3, '', '\\imagenes\\productos\\COCA COLA.png', 'COCACOLA', '-16744320', '-1', 0, 0, 3, 0, 0, 0, 1, 0, 0, 0, 0.00000, '0'),
	(9, 'CERVEZA', 1, '', '\\imagenes\\productos\\CERVEZA.jpg', 'CERVEZA', '-16744320', '-1', 0, 0, 4, 0, 0, 0, 1, 0, 0, 0, 0.00000, '0'),
	(10, 'VINO', 2, 'VINO', '\\imagenes\\productos\\IMG_5424.jpg', '', '-16744320', '-1', 0, 0, 4, 0, 0, 0, 1, 0, 0, 0, 0.00000, '0'),
	(11, 'BOLSA PLASTICO', 9, '', '', 'BOLSA PLASTICO', '-16744320', '-1', 0, 0, 3, 0, 0, 0, 1, 1, 0, 0, 0.00000, '0'),
	(12, 'BOLLERIA', 2, '', '', 'BOLLERIA 0,65', '-16744320', '-1', 0, 0, 2, 0, 0, 0, 1, 0, 0, 0, 0.00000, '0'),
	(13, 'CERVEZA LITRO', 3, 'CERVEZA 1L', '\\imagenes\\productos\\CERVEZA LITRO.jpg', '', '-16744320', '-1', 0, 0, 4, 0, 0, 0, 1, 0, 0, 0, 0.00000, '0'),
	(14, 'BOLLERIA', 3, '', '', 'BOLLERIA 0,70', '-16744320', '-1', 0, 0, 2, 0, 0, 0, 1, 0, 0, 0, 0.00000, '0'),
	(15, 'OCHOS', 27, 'OCHOS', '\\imagenes\\productos\\copia_OCHOS.jpg', '', '-16744320', '-1', 0, 0, 1, 0, 0, 0, 1, 0, 0, 0, 0.00000, '0'),
	(16, 'BOLLERIA', 4, '', '', 'BOLLERIA 0,85', '-16744320', '-1', 0, 0, 2, 0, 0, 0, 1, 0, 0, 0, 0.00000, '0'),
	(17, 'BOLLERIA', 5, '', '', 'BOLLERIA 0,95', '-16744320', '-1', 0, 0, 2, 0, 0, 0, 1, 0, 0, 0, 0.00000, '0'),
	(18, 'BOLLERIA', 6, '', '', 'BOLLERIA 1,00', '-16744320', '-1', 0, 0, 2, 0, 0, 0, 1, 0, 0, 0, 0.00000, '0'),
	(19, 'BOLLERIA', 7, '', '', 'BOLLERIA 1,25', '-16744320', '-1', 0, 0, 2, 0, 0, 0, 1, 0, 0, 0, 0.00000, '0'),
	(20, 'BOLSA MAGDALENAS', 9, 'MAGDALENAS', '\\imagenes\\productos\\MAGDALENAS.jpg', '', '-16744320', '-1', 0, 0, 2, 0, 0, 0, 1, 0, 0, 0, 0.00000, '0'),
	(21, 'MAGDALENAS INTEGRALES', 10, 'MAGD.INTEGRA', '\\imagenes\\productos\\copia_MAGDALENAS.jpg', '', '-16744320', '-1', 0, 0, 2, 0, 0, 0, 1, 0, 0, 0, 0.00000, '0'),
	(22, 'ROSCOS DE ANIS', 11, 'ROSCOS ANIS', '\\imagenes\\productos\\ROSCOS ANIS.jpg', '', '-16744320', '-1', 0, 0, 2, 0, 0, 0, 1, 0, 0, 0, 0.00000, '0'),
	(23, 'CORTADILLOS', 12, 'CORTADILLOS', '\\imagenes\\productos\\CORTADILLOS.jpg', '', '-16744320', '-1', 0, 0, 2, 0, 0, 0, 1, 0, 0, 0, 0.00000, '0'),
	(24, 'MAGD.CHOCO', 13, 'MAG.CHOCOLAT', '\\imagenes\\productos\\MAGDALENAS CHOCO.jpg', '', '-16744320', '-1', 0, 0, 2, 0, 0, 0, 1, 0, 0, 0, 0.00000, '0'),
	(25, 'COCADAS', 14, 'COCADAS', '\\imagenes\\productos\\COCADAS.jpg', '', '-16744320', '-1', 0, 0, 2, 0, 0, 0, 1, 0, 0, 0, 0.00000, '0'),
	(26, 'MOSTACHONES', 15, 'MOSTACHONES', '\\imagenes\\productos\\MOSTACHONES.jpg', '', '-16744320', '-1', 0, 0, 2, 0, 0, 0, 1, 0, 0, 0, 0.00000, '0'),
	(27, 'GALLETAS NATA', 16, 'GALLETA NATA', '\\imagenes\\productos\\GALLETAS NATA.jpg', '', '-16744320', '-1', 0, 0, 2, 0, 0, 0, 1, 0, 0, 0, 0.00000, '0'),
	(28, 'ROSCOS PETISSUE', 17, 'ROSCOS PETIS', '\\imagenes\\productos\\ROSCO PETISSUE.jpg', '', '-16744320', '-1', 0, 0, 2, 0, 0, 0, 1, 0, 0, 0, 0.00000, '0'),
	(29, 'PETISSUE CREMA', 18, 'PETISSUE CRE', '\\imagenes\\productos\\PETISSUE CREMA.jpg', '', '-16744320', '-1', 0, 0, 2, 0, 0, 0, 1, 0, 0, 0, 0.00000, '0'),
	(30, 'HOJALDRE', 19, 'HOJALDRES', '\\imagenes\\productos\\HOJALDRE.jpg', '', '-16744320', '-1', 0, 0, 2, 0, 0, 0, 1, 0, 0, 0, 0.00000, '0'),
	(31, 'BOLSA CROISSANT', 20, 'CROISSANT', '\\imagenes\\productos\\CROISSANT.jpg', '', '-16744320', '-1', 0, 0, 2, 0, 0, 0, 1, 0, 0, 0, 0.00000, '0'),
	(32, 'PANES GRANDES', 2, '', '', 'PANES GRANDES 1,30', '-16744320', '-1', 0, 0, 1, 0, 0, 0, 2, 0, 0, 0, 0.00000, '0'),
	(33, 'PAN 1KGR', 3, '', '', 'PAN 1KGR. 2,30', '-16744320', '-1', 0, 0, 1, 0, 0, 0, 2, 0, 0, 0, 0.00000, '0'),
	(34, 'PANES CHICOS', 4, '', '', 'PANES CHICOS 1,10', '-16744320', '-1', 0, 0, 1, 0, 0, 0, 2, 0, 0, 0, 0.00000, '0'),
	(35, 'PIEZAS CHICAS', 5, '', '', 'PIEZAS CHICAS 0,55', '-16744320', '-1', 0, 0, 1, 0, 0, 0, 1, 0, 0, 0, 0.00000, '0'),
	(36, 'PIEZAS GRANDES', 6, '', '', 'PIEZAS GRANDES 0,60', '-16744320', '-1', 0, 0, 1, 0, 0, 0, 2, 0, 0, 0, 0.00000, '0'),
	(37, 'ENANITOS', 9, '', '', 'ENANITOS 0,25', '-16744320', '-1', 0, 0, 1, 0, 0, 0, 2, 0, 0, 0, 0.00000, '0'),
	(38, 'BARRA FINA Y RUSTICA', 13, '', '', 'BARRA FINA Y RUSTICA 1,00', '-16744320', '-1', 0, 0, 1, 0, 0, 0, 2, 0, 0, 0, 0.00000, '0'),
	(39, 'PEPITOS', 7, '', '', 'PEPITOS  0,40', '-16744320', '-1', 0, 0, 1, 0, 0, 0, 2, 0, 0, 0, 0.00000, '0'),
	(40, 'BARRA CHICA', 10, '', '', 'BARRA CHICA 0,65', '-16744320', '-1', 0, 0, 1, 0, 0, 0, 2, 0, 0, 0, 0.00000, '0'),
	(41, 'BARRA MEDIANA', 11, '', '', 'BARRA MEDIANA 0,95', '-16744320', '-1', 0, 0, 1, 0, 0, 0, 2, 0, 0, 0, 0.00000, '0'),
	(42, 'BARRA GRANDE', 12, '', '', 'BARRA GRANDE 1,15', '-16744320', '-1', 0, 0, 1, 0, 0, 0, 2, 0, 0, 0, 0.00000, '0'),
	(43, 'BAGUETTE', 14, '', '', 'BAGUETTE  0,85', '-16744320', '-1', 0, 0, 1, 0, 0, 0, 2, 0, 0, 0, 0.00000, '0'),
	(44, 'BARRA INTEGRAL', 22, '', '', 'BARRA INTEGRAL 0,95', '-16744320', '-1', 0, 0, 1, 0, 0, 0, 2, 0, 0, 0, 0.00000, '0'),
	(45, 'BARRA INTEGRAL CHICA', 23, '', '', 'BARRA INTEGRAL CHICA 0,65', '-16744320', '-1', 0, 0, 1, 0, 0, 0, 2, 0, 0, 0, 0.00000, '0'),
	(46, 'PAN CEREALES', 17, '', '', 'PAN CEREALES 1,65', '-16744320', '-1', 0, 0, 1, 0, 0, 0, 2, 0, 0, 0, 0.00000, '0'),
	(47, 'BARRITA CEREALES', 18, '', '', 'BARRITA CEREAL 0,65', '-16744320', '-1', 0, 0, 1, 0, 0, 0, 2, 0, 0, 0, 0.00000, '0'),
	(48, 'PAN NEGRO-OMEGA', 19, '', '', 'PAN NEGRO OMEGA 1,25', '-16744320', '-1', 0, 0, 1, 0, 0, 0, 2, 0, 0, 0, 0.00000, '0'),
	(49, 'PAN SIN GLUTEN', 21, '', '', 'PAN SIN GLUTEN 1,25', '-16744320', '-1', 0, 0, 1, 0, 0, 0, 2, 0, 0, 0, 0.00000, '0'),
	(50, 'HARINA KG', 28, 'HARINA KG', '\\imagenes\\productos\\HARINA  1 KG.jpg', '', '-16744320', '-1', 0, 0, 1, 0, 0, 0, 2, 0, 0, 0, 0.00000, '0'),
	(51, 'MINIDULCES', 8, '', '', 'MINIDULCES 0,40', '-16744320', '-1', 0, 0, 2, 0, 0, 0, 1, 0, 0, 0, 0.00000, '0'),
	(52, 'PEPSI COLA', 4, 'PEPSI COLA', '\\imagenes\\productos\\PEPSI COLA.png', '', '-16744320', '-1', 0, 0, 3, 0, 0, 0, 1, 0, 0, 0, 0.00000, '0'),
	(53, 'AQUARIUS', 5, 'AQUARIUS', '\\imagenes\\productos\\ACUARIUS.png', '', '-16744320', '-1', 0, 0, 3, 0, 0, 0, 1, 0, 0, 0, 0.00000, '0'),
	(54, 'NESTEA', 6, 'NESTEA', '\\imagenes\\productos\\NESTEA.png', '', '-16744320', '-1', 0, 0, 3, 0, 0, 0, 0, 0, 0, 0, 0.00000, '0'),
	(55, 'AGUA 1,5 L', 7, 'AGUA 1,5 L', '\\imagenes\\productos\\AGUA 1,5 L.png', '', '-16744320', '-1', 0, 0, 3, 0, 0, 0, 1, 0, 0, 0, 0.00000, '0'),
	(56, 'AGUA 0,5 L', 8, 'AGUA 0,5 L', '\\imagenes\\productos\\AGUA 33 CL.png', '', '-16744320', '-1', 0, 0, 3, 0, 0, 0, 1, 0, 0, 0, 0.00000, '0'),
	(57, 'REPARTO DOMICILIO', 29, '', '', 'REPARTO A DOMICILIO', '-16744320', '-1', 0, 0, 1, 0, 0, 0, 2, 0, 0, 0, 0.00000, '0'),
	(58, 'BARRITA ESPELTA', 30, '', '', 'BARRITA ESPELTA 0,90', '-16744320', '-1', 0, 0, 1, 0, 0, 0, 2, 0, 0, 0, 0.00000, '0'),
	(59, 'DYC COCACOLA', 31, '', '', 'DYC COLA', '-16744320', '-1', 0, 0, 1, 3, 0, 0, 1, 0, 0, 0, 0.00000, '0');
/*!40000 ALTER TABLE `articulos` ENABLE KEYS */;

-- Volcando estructura para tabla ids_tpv.cajas
CREATE TABLE IF NOT EXISTS `cajas` (
  `CAJA_ID` int(11) NOT NULL DEFAULT 0,
  `CAJA_NUM` int(11) NOT NULL DEFAULT 1,
  `CAJA_TIENDA` int(11) NOT NULL DEFAULT 1,
  `CAJA_FECHA` datetime DEFAULT NULL,
  `CAJA_TER_ID` int(11) NOT NULL DEFAULT 1,
  `CAJA_TURNO` int(11) DEFAULT 1,
  `CAJA_CERRADA` int(11) DEFAULT 0,
  `CAJA_APERTURA` double DEFAULT 0,
  `CAJA_TICKETS` double DEFAULT 0,
  `CAJA_RETIRADAS` double DEFAULT 0,
  `CAJA_TARJETAS` double DEFAULT 0,
  `CAJA_ENTREGAS` double DEFAULT 0,
  `CAJA_VALES` double DEFAULT 0,
  `CAJA_DEV_EFECTIVO` double DEFAULT 0,
  `CAJA_DEV_TARJETA` double DEFAULT 0,
  PRIMARY KEY (`CAJA_ID`,`CAJA_NUM`,`CAJA_TIENDA`,`CAJA_TER_ID`)
) ENGINE=InnoDB DEFAULT CHARSET=latin1;

-- Volcando datos para la tabla ids_tpv.cajas: ~804 rows (aproximadamente)
DELETE FROM `cajas`;
/*!40000 ALTER TABLE `cajas` DISABLE KEYS */;
INSERT INTO `cajas` (`CAJA_ID`, `CAJA_NUM`, `CAJA_TIENDA`, `CAJA_FECHA`, `CAJA_TER_ID`, `CAJA_TURNO`, `CAJA_CERRADA`, `CAJA_APERTURA`, `CAJA_TICKETS`, `CAJA_RETIRADAS`, `CAJA_TARJETAS`, `CAJA_ENTREGAS`, `CAJA_VALES`, `CAJA_DEV_EFECTIVO`, `CAJA_DEV_TARJETA`) VALUES
	(1, 1, 1, '2019-02-01 06:30:23', 1, 1, 1, 0, 1602.68, 0, 0, 1602.68, 0, 0, 0),
	(2, 1, 1, '2019-02-02 06:37:12', 1, 1, 1, 0, 1458.39, 0, 7.2, 1451.19, 0, 0, 0),
	(3, 1, 1, '2019-02-03 08:16:56', 1, 1, 1, 0, 779.62, 0, 0, 779.62, 0, 0, 0),
	(4, 1, 1, '2019-02-04 06:36:15', 1, 1, 1, 0, 1459.72, 0, 0, 1459.72, 0, 0, 0),
	(5, 1, 1, '2019-02-05 06:34:22', 1, 1, 1, 0, 1301.82, 0, 9.4, 1292.42, 0, 0, 0),
	(6, 1, 1, '2019-02-05 21:19:22', 1, 1, 1, 0, 1371.65, 0, 0, 1371.65, 0, 0, 0),
	(7, 1, 1, '2019-02-07 06:34:39', 1, 1, 1, 0, 1447.8, 0, 0, 1447.8, 0, 0, 0),
	(8, 1, 1, '2019-02-08 06:36:50', 1, 1, 1, 0, 1637.85, 0, 0, 1637.85, 0, 0, 0),
	(9, 1, 1, '2019-02-09 06:37:05', 1, 1, 1, 0, 915.8, 0, 0, 915.8, 0, 0, 0),
	(10, 1, 1, '2019-02-09 15:16:23', 1, 1, 1, 0, 2456.8, 0, 0, 2456.8, 0, 0, 0),
	(11, 1, 1, '2019-02-11 21:14:27', 1, 1, 1, 0, 1422.39, 0, 0, 1422.39, 0, 0, 0),
	(12, 1, 1, '2019-02-13 13:41:46', 1, 1, 1, 0, 0, 0, 0, 0, 0, 0, 0),
	(13, 1, 1, '2019-02-14 17:10:49', 1, 1, 1, 0, 1563.21, 0, 0, 1563.21, 0, 0, 0),
	(14, 1, 1, '2019-02-14 17:36:36', 1, 1, 1, 0, 2042.16, 0, 0, 2042.16, 0, 0, 0),
	(15, 1, 1, '2019-02-15 06:34:52', 1, 1, 1, 0, 1725.36, 0, 0, 1725.36, 0, 0, 0),
	(16, 1, 1, '2019-02-16 06:36:09', 1, 1, 1, 0, 1283.27, 0, 0, 1283.27, 0, 0, 0),
	(17, 1, 1, '2019-02-17 07:56:24', 1, 1, 1, 0, 601.75, 0, 0, 601.75, 0, 0, 0),
	(18, 1, 1, '2019-02-18 06:32:55', 1, 1, 1, 0, 1520.5, 0, 0, 1520.5, 0, 0, 0),
	(19, 1, 1, '2019-02-19 06:37:37', 1, 1, 1, 0, 1662.41, 0, 0, 1662.41, 0, 0, 0),
	(20, 1, 1, '2019-02-20 06:35:05', 1, 1, 1, 0, 1304.75, 0, 0, 1304.75, 0, 0, 0),
	(21, 1, 1, '2019-02-21 06:32:06', 1, 1, 1, 0, 1565.47, 0, 0, 1565.47, 0, 0, 0),
	(22, 1, 1, '2019-02-22 06:34:28', 1, 1, 1, 0, 1840.07, 0, 0, 1840.07, 0, 0, 0),
	(23, 1, 1, '2019-02-23 06:34:22', 1, 1, 1, 0, 898.57, 0, 0, 898.57, 0, 0, 0),
	(24, 1, 1, '2019-02-24 08:40:56', 1, 1, 1, 0, 208.45, 0, 0, 208.45, 0, 0, 0),
	(25, 1, 1, '2019-02-25 06:33:37', 1, 1, 1, 0, 1400.05, 0, 0, 1400.05, 0, 0, 0),
	(26, 1, 1, '2019-02-26 06:35:03', 1, 1, 1, 0, 1610.77, 0, 0, 1610.77, 0, 0, 0),
	(27, 1, 1, '2019-02-27 06:38:11', 1, 1, 1, 0, 1731.55, 0, 0, 1731.55, 0, 0, 0),
	(28, 1, 1, '2019-02-28 08:20:21', 1, 1, 1, 0, 2667.96, 0, 1.75, 2666.21, 0, 0, 0),
	(29, 1, 1, '2019-03-02 06:33:29', 1, 1, 1, 0, 968.75, 0, 0, 968.75, 0, 0, 0),
	(30, 1, 1, '2019-03-03 08:36:40', 1, 1, 1, 0, 567.31, 0, 0, 567.31, 0, 0, 0),
	(31, 1, 1, '2019-03-04 06:38:46', 1, 1, 1, 0, 1508.78, 0, 0, 1508.78, 0, 0, 0),
	(32, 1, 1, '2019-03-05 06:38:21', 1, 1, 1, 0, 1657.71, 0, 0, 1657.71, 0, 0, 0),
	(33, 1, 1, '2019-03-06 06:33:27', 1, 1, 1, 0, 1594.72, 0, 0, 1594.72, 0, 0, 0),
	(34, 1, 1, '2019-03-07 06:36:34', 1, 1, 1, 0, 921.68, 0, 0, 921.68, 0, 0, 0),
	(35, 1, 1, '2019-03-08 06:45:23', 1, 1, 1, 0, 2014.84, 0, 0, 2014.84, 0, 0, 0),
	(36, 1, 1, '2019-03-09 07:10:31', 1, 1, 1, 0, 1686.16, 0, 8.8, 1677.36, 0, 0, 0),
	(37, 1, 1, '2019-03-10 08:38:57', 1, 1, 1, 0, 668.77, 0, 0, 668.77, 0, 0, 0),
	(38, 1, 1, '2019-03-11 16:09:36', 1, 1, 1, 0, 1951.2, 0, 0, 1951.2, 0, 0, 0),
	(39, 1, 1, '2019-03-12 06:39:14', 1, 1, 1, 0, 1348.65, 0, 0, 1348.65, 0, 0, 0),
	(40, 1, 1, '2019-03-13 06:31:42', 1, 1, 1, 0, 1492.52, 0, 0, 1492.52, 0, 0, 0),
	(41, 1, 1, '2019-03-14 06:59:53', 1, 1, 1, 0, 1598.02, 0, 0, 1598.02, 0, 0, 0),
	(42, 1, 1, '2019-03-15 06:31:05', 1, 1, 1, 0, 80.2, 0, 0, 80.2, 0, 0, 0),
	(43, 1, 1, '2019-03-15 08:18:00', 1, 1, 1, 0, 1565.08, 0, 14.2, 1550.88, 0, 0, 0),
	(44, 1, 1, '2019-03-16 06:37:19', 1, 1, 1, 0, 1725.16, 0, 0, 1725.16, 0, 0, 0),
	(45, 1, 1, '2019-03-17 08:43:36', 1, 1, 1, 0, 722.05, 0, 0, 722.05, 0, 0, 0),
	(46, 1, 1, '2019-03-18 06:34:47', 1, 1, 1, 0, 1382.03, 0, 0, 1382.03, 0, 0, 0),
	(47, 1, 1, '2019-03-19 06:30:39', 1, 1, 1, 0, 1666.95, 0, 0, 1666.95, 0, 0, 0),
	(48, 1, 1, '2019-03-20 06:27:40', 1, 1, 1, 0, 1341.23, 0, 0, 1341.23, 0, 0, 0),
	(49, 1, 1, '2019-03-21 06:30:33', 1, 1, 1, 0, 1270.65, 0, 0, 1270.65, 0, 0, 0),
	(50, 1, 1, '2019-03-22 06:32:22', 1, 1, 1, 0, 1669.2, 0, 0, 1669.2, 0, 0, 0),
	(51, 1, 1, '2019-03-23 06:26:41', 1, 1, 1, 0, 972.66, 0, 0, 972.66, 0, 0, 0),
	(52, 1, 1, '2019-03-24 07:32:43', 1, 1, 1, 0, 559.01, 0, 0, 559.01, 0, 0, 0),
	(53, 1, 1, '2019-03-25 06:34:00', 1, 1, 1, 0, 1238.3, 0, 0, 1238.3, 0, 0, 0),
	(54, 1, 1, '2019-03-26 06:34:31', 1, 1, 1, 0, 1288.79, 0, 0, 1288.79, 0, 0, 0),
	(55, 1, 1, '2019-03-27 06:30:43', 1, 1, 1, 0, 1434.93, 0, 0, 1434.93, 0, 0, 0),
	(56, 1, 1, '2019-03-28 06:34:43', 1, 1, 1, 0, 1296.11, 0, 0, 1296.11, 0, 0, 0),
	(57, 1, 1, '2019-03-29 06:30:50', 1, 1, 1, 0, 1597.36, 0, 0, 1597.36, 0, 0, 0),
	(58, 1, 1, '2019-03-30 06:29:15', 1, 1, 1, 0, 952.6, 0, 0, 952.6, 0, 0, 0),
	(59, 1, 1, '2019-03-31 08:16:21', 1, 1, 1, 0, 370.5, 0, 0, 370.5, 0, 0, 0),
	(60, 1, 1, '2019-04-01 06:30:38', 1, 1, 1, 0, 1336.15, 0, 0, 1336.15, 0, 0, 0),
	(61, 1, 1, '2019-04-02 06:30:56', 1, 1, 1, 0, 1445.12, 0, 0, 1445.12, 0, 0, 0),
	(62, 1, 1, '2019-04-03 06:29:55', 1, 1, 1, 0, 1228.77, 0, 0, 1228.77, 0, 0, 0),
	(63, 1, 1, '2019-04-04 06:32:15', 1, 1, 1, 0, 1461.51, 0, 0, 1461.51, 0, 0, 0),
	(64, 1, 1, '2019-04-05 06:33:30', 1, 1, 1, 0, 1540.42, 0, 0, 1540.42, 0, 0, 0),
	(65, 1, 1, '2019-04-06 06:47:38', 1, 1, 1, 0, 1132.45, 0, 0, 1132.45, 0, 0, 0),
	(66, 1, 1, '2019-04-07 08:31:13', 1, 1, 1, 0, 727.43, 0, 0, 727.43, 0, 0, 0),
	(67, 1, 1, '2019-04-08 06:38:44', 1, 1, 1, 0, 1317.02, 0, 0, 1317.02, 0, 0, 0),
	(68, 1, 1, '2019-04-09 06:50:26', 1, 1, 1, 0, 1458.45, 0, 4.35, 1454.1, 0, 0, 0),
	(69, 1, 1, '2019-04-10 06:34:00', 1, 1, 1, 0, 1590.75, 0, 3.45, 1587.3, 0, 0, 0),
	(70, 1, 1, '2019-04-11 06:32:06', 1, 1, 1, 0, 1844.47, 0, 0, 1844.47, 0, 0, 0),
	(71, 1, 1, '2019-04-12 06:34:10', 1, 1, 1, 0, 1807.36, 0, 6.45, 1800.91, 0, 0, 0),
	(72, 1, 1, '2019-04-13 06:38:54', 1, 1, 1, 0, 1089.61, 0, 0, 1089.61, 0, 0, 0),
	(73, 1, 1, '2019-04-14 08:45:03', 1, 1, 1, 0, 287.92, 0, 0, 287.92, 0, 0, 0),
	(74, 1, 1, '2019-04-15 06:32:56', 1, 1, 1, 0, 3543.79, 0, 29.3, 3514.49, 0, 0, 0),
	(75, 1, 1, '2019-04-17 06:34:06', 1, 1, 1, 0, 2183.66, 0, 0, 2183.66, 0, 0, 0),
	(76, 1, 1, '2019-04-17 21:35:31', 1, 1, 1, 0, 0, 0, 0, 0, 0, 0, 0),
	(77, 1, 1, '2019-04-18 08:27:39', 1, 1, 1, 0, 1480.11, 0, 0, 1480.11, 0, 0, 0),
	(78, 1, 1, '2019-04-20 06:54:31', 1, 1, 1, 0, 1325.5, 0, 0, 1325.5, 0, 0, 0),
	(79, 1, 1, '2019-04-21 08:47:35', 1, 1, 1, 0, 2143.13, 0, 0, 2143.13, 0, 0, 0),
	(80, 1, 1, '2019-04-23 06:32:43', 1, 1, 1, 0, 1559.47, 0, 0, 1559.47, 0, 0, 0),
	(81, 1, 1, '2019-04-24 06:34:41', 1, 1, 1, 0, 1352.05, 0, 0, 1352.05, 0, 0, 0),
	(82, 1, 1, '2019-04-25 06:44:54', 1, 1, 1, 0, 1311.87, 0, 0, 1311.87, 0, 0, 0),
	(83, 1, 1, '2019-04-26 06:33:16', 1, 1, 1, 0, 1672.61, 0, 0, 1672.61, 0, 0, 0),
	(84, 1, 1, '2019-04-27 06:36:59', 1, 1, 1, 0, 986.9, 0, 0, 986.9, 0, 0, 0),
	(85, 1, 1, '2019-04-28 08:22:27', 1, 1, 1, 0, 1866.71, 0, 0, 1866.71, 0, 0, 0),
	(86, 1, 1, '2019-04-30 06:28:08', 1, 1, 1, 0, 1648.42, 0, 0, 1648.42, 0, 0, 0),
	(87, 1, 1, '2019-05-01 08:53:23', 1, 1, 1, 0, 637.4, 0, 0, 637.4, 0, 0, 0),
	(88, 1, 1, '2019-05-02 06:37:37', 1, 1, 1, 0, 1558.7, 0, 0, 1558.7, 0, 0, 0),
	(89, 1, 1, '2019-05-03 06:34:03', 1, 1, 1, 0, 1502.7, 0, 0, 1502.7, 0, 0, 0),
	(90, 1, 1, '2019-05-04 06:37:32', 1, 1, 1, 0, 935.45, 0, 0, 935.45, 0, 0, 0),
	(91, 1, 1, '2019-05-05 08:22:28', 1, 1, 1, 0, 525.64, 0, 0, 525.64, 0, 0, 0),
	(92, 1, 1, '2019-05-06 06:33:52', 1, 1, 1, 0, 1233.79, 0, 0, 1233.79, 0, 0, 0),
	(93, 1, 1, '2019-05-07 06:30:26', 1, 1, 1, 0, 1294.22, 0, 0, 1294.22, 0, 0, 0),
	(94, 1, 1, '2019-05-08 06:32:03', 1, 1, 1, 0, 1334.28, 0, 0, 1334.28, 0, 0, 0),
	(95, 1, 1, '2019-05-09 06:31:24', 1, 1, 1, 0, 1217.08, 0, 0, 1217.08, 0, 0, 0),
	(96, 1, 1, '2019-05-10 06:33:55', 1, 1, 1, 0, 1591.51, 0, 0, 1591.51, 0, 0, 0),
	(97, 1, 1, '2019-05-11 06:48:27', 1, 1, 1, 0, 1004.55, 0, 0, 1004.55, 0, 0, 0),
	(98, 1, 1, '2019-05-12 08:53:39', 1, 1, 1, 0, 525.55, 0, 0, 525.55, 0, 0, 0),
	(99, 1, 1, '2019-05-13 06:32:00', 1, 1, 1, 0, 1426.27, 0, 0, 1426.27, 0, 0, 0),
	(100, 1, 1, '2019-05-14 06:34:51', 1, 1, 1, 0, 1265.9, 0, 0, 1265.9, 0, 0, 0),
	(101, 1, 1, '2019-05-15 06:42:59', 1, 1, 1, 0, 1429.28, 0, 0, 1429.28, 0, 0, 0),
	(102, 1, 1, '2019-05-16 06:31:14', 1, 1, 1, 0, 1259.1, 0, 0, 1259.1, 0, 0, 0),
	(103, 1, 1, '2019-05-17 06:42:30', 1, 1, 1, 0, 1411.54, 0, 0, 1411.54, 0, 0, 0),
	(104, 1, 1, '2019-05-18 06:40:55', 1, 1, 1, 0, 851.64, 0, 0, 851.64, 0, 0, 0),
	(105, 1, 1, '2019-05-19 08:36:58', 1, 1, 1, 0, 474.83, 0, 0, 474.83, 0, 0, 0),
	(106, 1, 1, '2019-05-20 06:29:56', 1, 1, 1, 0, 1260.7, 0, 0, 1260.7, 0, 0, 0),
	(107, 1, 1, '2019-05-21 06:36:37', 1, 1, 1, 0, 1500.44, 0, 0, 1500.44, 0, 0, 0),
	(108, 1, 1, '2019-05-22 06:38:42', 1, 1, 1, 0, 1261.75, 0, 5.05, 1256.7, 0, 0, 0),
	(109, 1, 1, '2019-05-23 06:29:26', 1, 1, 1, 0, 1361.87, 0, 0, 1361.87, 0, 0, 0),
	(110, 1, 1, '2019-05-24 06:35:57', 1, 1, 1, 0, 1645.95, 0, 44, 1601.95, 0, 0, 0),
	(111, 1, 1, '2019-05-25 06:31:14', 1, 1, 1, 0, 1164.09, 0, 0, 1164.09, 0, 0, 0),
	(112, 1, 1, '2019-05-26 08:34:22', 1, 1, 1, 0, 1658.89, 0, 0, 1658.89, 0, 0, 0),
	(113, 1, 1, '2019-05-28 06:45:34', 1, 1, 1, 0, 1273.6, 0, 0, 1273.6, 0, 0, 0),
	(114, 1, 1, '2019-05-29 06:32:27', 1, 1, 1, 0, 1365.6, 0, 0, 1365.6, 0, 0, 0),
	(115, 1, 1, '2019-05-30 06:30:09', 1, 1, 1, 0, 1517.85, 0, 0, 1517.85, 0, 0, 0),
	(116, 1, 1, '2019-05-31 06:31:50', 1, 1, 1, 0, 1456.21, 0, 0, 1456.21, 0, 0, 0),
	(117, 1, 1, '2019-06-01 06:30:59', 1, 1, 1, 0, 1507, 0, 0, 1507, 0, 0, 0),
	(118, 1, 1, '2019-06-02 08:12:43', 1, 1, 1, 0, 627, 0, 0, 627, 0, 0, 0),
	(119, 1, 1, '2019-06-03 06:29:34', 1, 1, 1, 0, 1230.49, 0, 0, 1230.49, 0, 0, 0),
	(120, 1, 1, '2019-06-04 06:40:36', 1, 1, 1, 0, 1368.3, 0, 0, 1368.3, 0, 0, 0),
	(121, 1, 1, '2019-06-05 06:34:35', 1, 1, 1, 0, 639.05, 0, 0, 639.05, 0, 0, 0),
	(122, 1, 1, '2019-06-06 06:28:53', 1, 1, 1, 0, 2741.77, 0, 668.2, 2073.57, 0, 0, 0),
	(123, 1, 1, '2019-06-07 06:34:03', 1, 1, 1, 0, 1554.74, 0, 0, 1554.74, 0, 0, 0),
	(124, 1, 1, '2019-06-08 06:33:13', 1, 1, 1, 0, 932.71, 0, 0, 932.71, 0, 0, 0),
	(125, 1, 1, '2019-06-09 07:44:06', 1, 1, 1, 0, 89.25, 0, 0, 89.25, 0, 0, 0),
	(126, 1, 1, '2019-06-09 08:48:18', 1, 1, 1, 0, 764.86, 0, 0, 764.86, 0, 0, 0),
	(127, 1, 1, '2019-06-10 06:30:26', 1, 1, 1, 0, 1467.6, 0, 0, 1467.6, 0, 0, 0),
	(128, 1, 1, '2019-06-11 06:24:51', 1, 1, 1, 0, 1463.15, 0, 0, 1463.15, 0, 0, 0),
	(129, 1, 1, '2019-06-12 06:34:58', 1, 1, 1, 0, 1474.27, 0, 0, 1474.27, 0, 0, 0),
	(130, 1, 1, '2019-06-13 06:31:02', 1, 1, 1, 0, 1595.5, 0, 0, 1595.5, 0, 0, 0),
	(131, 1, 1, '2019-06-14 06:35:08', 1, 1, 1, 0, 1615.96, 0, 0, 1615.96, 0, 0, 0),
	(132, 1, 1, '2019-06-15 06:26:17', 1, 1, 1, 0, 1009.98, 0, 0, 1009.98, 0, 0, 0),
	(133, 1, 1, '2019-06-16 08:23:54', 1, 1, 1, 0, 649.85, 0, 0, 649.85, 0, 0, 0),
	(134, 1, 1, '2019-06-17 06:36:43', 1, 1, 1, 0, 1342.25, 0, 16.45, 1325.8, 0, 0, 0),
	(135, 1, 1, '2019-06-18 06:38:22', 1, 1, 1, 0, 1331.16, 0, 0, 1331.16, 0, 0, 0),
	(136, 1, 1, '2019-06-19 06:31:22', 1, 1, 1, 0, 1473.83, 0, 0, 1473.83, 0, 0, 0),
	(137, 1, 1, '2019-06-20 06:31:06', 1, 1, 1, 0, 1843.5, 0, 0, 1843.5, 0, 0, 0),
	(138, 1, 1, '2019-06-21 06:31:49', 1, 1, 1, 0, 1347.12, 0, 0, 1347.12, 0, 0, 0),
	(139, 1, 1, '2019-06-22 06:43:22', 1, 1, 1, 0, 961.85, 0, 7.1, 954.75, 0, 0, 0),
	(140, 1, 1, '2019-06-23 08:27:26', 1, 1, 1, 0, 508.48, 0, 0, 508.48, 0, 0, 0),
	(141, 1, 1, '2019-06-24 06:36:18', 1, 1, 1, 0, 1136.26, 0, 0, 1136.26, 0, 0, 0),
	(142, 1, 1, '2019-06-25 06:33:51', 1, 1, 1, 0, 1227.54, 0, 0, 1227.54, 0, 0, 0),
	(143, 1, 1, '2019-06-26 06:37:02', 1, 1, 1, 0, 1061.85, 0, 0, 1061.85, 0, 0, 0),
	(144, 1, 1, '2019-06-27 06:32:29', 1, 1, 1, 0, 3138.98, 0, 0, 3138.98, 0, 0, 0),
	(145, 1, 1, '2019-06-27 21:17:03', 1, 1, 1, 0, 1378.6, 0, 0, 1378.6, 0, 0, 0),
	(146, 1, 1, '2019-06-29 06:37:41', 1, 1, 1, 0, 1127.01, 0, 0, 1127.01, 0, 0, 0),
	(147, 1, 1, '2019-06-30 08:53:38', 1, 1, 1, 0, 512.19, 0, 0, 512.19, 0, 0, 0),
	(148, 1, 1, '2019-07-01 06:36:13', 1, 1, 1, 0, 1184.75, 0, 0, 1184.75, 0, 0, 0),
	(149, 1, 1, '2019-07-02 06:33:22', 1, 1, 1, 0, 1088.9, 0, 0, 1088.9, 0, 0, 0),
	(150, 1, 1, '2019-07-03 06:37:02', 1, 1, 1, 0, 1456.5, 0, 0, 1456.5, 0, 0, 0),
	(151, 1, 1, '2019-07-04 06:36:05', 1, 1, 1, 0, 1174.5, 0, 0, 1174.5, 0, 0, 0),
	(152, 1, 1, '2019-07-05 06:31:50', 1, 1, 1, 0, 1182.15, 0, 0, 1182.15, 0, 0, 0),
	(153, 1, 1, '2019-07-06 06:45:31', 1, 1, 1, 0, 1139.67, 0, 0, 1139.67, 0, 0, 0),
	(154, 1, 1, '2019-07-07 08:45:13', 1, 1, 1, 0, 534.1, 0, 0, 534.1, 0, 0, 0),
	(155, 1, 1, '2019-07-08 06:27:58', 1, 1, 1, 0, 1286.1, 0, 0, 1286.1, 0, 0, 0),
	(156, 1, 1, '2019-07-09 06:34:48', 1, 1, 1, 0, 1100.9, 0, 0, 1100.9, 0, 0, 0),
	(157, 1, 1, '2019-07-10 06:49:54', 1, 1, 1, 0, 876.45, 0, 0, 876.45, 0, 0, 0),
	(158, 1, 1, '2019-07-11 06:40:38', 1, 1, 1, 0, 1032.5, 0, 0, 1032.5, 0, 0, 0),
	(159, 1, 1, '2019-07-12 06:33:57', 1, 1, 1, 0, 561.35, 0, 0, 561.35, 0, 0, 0),
	(160, 1, 1, '2019-07-13 06:59:06', 1, 1, 1, 0, 1352.25, 0, 0, 1352.25, 0, 0, 0),
	(161, 1, 1, '2019-07-14 08:43:31', 1, 1, 1, 0, 695.25, 0, 0, 695.25, 0, 0, 0),
	(162, 1, 1, '2019-07-15 08:25:33', 1, 1, 1, 0, 205.9, 0, 0, 205.9, 0, 0, 0),
	(163, 1, 1, '2019-07-16 06:38:42', 1, 1, 1, 0, 1523.8, 0, 0, 1523.8, 0, 0, 0),
	(164, 1, 1, '2019-07-17 06:29:21', 1, 1, 1, 0, 1080, 0, 0, 1080, 0, 0, 0),
	(165, 1, 1, '2019-07-18 06:35:38', 1, 1, 1, 0, 1119.1, 0, 0, 1119.1, 0, 0, 0),
	(166, 1, 1, '2019-07-19 06:34:52', 1, 1, 1, 0, 1336.9, 0, 0, 1336.9, 0, 0, 0),
	(167, 1, 1, '2019-07-20 06:33:48', 1, 1, 1, 0, 912, 0, 0, 912, 0, 0, 0),
	(168, 1, 1, '2019-07-21 08:43:36', 1, 1, 1, 0, 386.5, 0, 0, 386.5, 0, 0, 0),
	(169, 1, 1, '2019-07-22 06:33:54', 1, 1, 1, 0, 967.5, 0, 0, 967.5, 0, 0, 0),
	(170, 1, 1, '2019-07-23 06:30:12', 1, 1, 1, 0, 1127.1, 0, 0, 1127.1, 0, 0, 0),
	(171, 1, 1, '2019-07-24 06:39:48', 1, 1, 1, 0, 956.2, 0, 0, 956.2, 0, 0, 0),
	(172, 1, 1, '2019-07-25 06:30:23', 1, 1, 1, 0, 1388.94, 0, 0, 1388.94, 0, 0, 0),
	(173, 1, 1, '2019-07-26 06:31:20', 1, 1, 1, 0, 1461.76, 0, 0, 1461.76, 0, 0, 0),
	(174, 1, 1, '2019-07-27 06:33:19', 1, 1, 1, 0, 998.49, 0, 0, 998.49, 0, 0, 0),
	(175, 1, 1, '2019-07-28 08:10:01', 1, 1, 1, 0, 395.9, 0, 0, 395.9, 0, 0, 0),
	(176, 1, 1, '2019-07-29 06:31:39', 1, 1, 1, 0, 656.77, 0, 0, 656.77, 0, 0, 0),
	(177, 1, 1, '2019-07-30 06:28:12', 1, 1, 1, 0, 733.95, 0, 0, 733.95, 0, 0, 0),
	(178, 1, 1, '2019-07-31 06:30:30', 1, 1, 1, 0, 1944.42, 0, 0, 1944.42, 0, 0, 0),
	(179, 1, 1, '2019-08-01 06:39:09', 1, 1, 1, 0, 1245.1, 0, 0, 1245.1, 0, 0, 0),
	(180, 1, 1, '2019-08-02 06:29:45', 1, 1, 1, 0, 1221.83, 0, 0, 1221.83, 0, 0, 0),
	(181, 1, 1, '2019-08-03 06:41:03', 1, 1, 1, 0, 870.2, 0, 0, 870.2, 0, 0, 0),
	(182, 1, 1, '2019-08-04 08:55:06', 1, 1, 1, 0, 1429.17, 0, 0, 1429.17, 0, 0, 0),
	(183, 1, 1, '2019-08-06 06:26:29', 1, 1, 1, 0, 892.46, 0, 0, 892.46, 0, 0, 0),
	(184, 1, 1, '2019-08-07 06:30:37', 1, 1, 1, 0, 1091.59, 0, 0, 1091.59, 0, 0, 0),
	(185, 1, 1, '2019-08-08 06:29:07', 1, 1, 1, 0, 1189.84, 0, 0, 1189.84, 0, 0, 0),
	(186, 1, 1, '2019-08-09 06:29:45', 1, 1, 1, 0, 1327.63, 0, 0, 1327.63, 0, 0, 0),
	(187, 1, 1, '2019-08-10 06:29:56', 1, 1, 1, 0, 833, 0, 0, 833, 0, 0, 0),
	(188, 1, 1, '2019-08-11 08:14:59', 1, 1, 1, 0, 579.2, 0, 0, 579.2, 0, 0, 0),
	(189, 1, 1, '2019-08-12 06:28:33', 1, 1, 1, 0, 1227.69, 0, 0, 1227.69, 0, 0, 0),
	(190, 1, 1, '2019-08-13 06:30:44', 1, 1, 1, 0, 1124.71, 0, 0, 1124.71, 0, 0, 0),
	(191, 1, 1, '2019-08-14 06:31:32', 1, 1, 1, 0, 1353.37, 0, 0, 1353.37, 0, 0, 0),
	(192, 1, 1, '2019-08-15 07:55:31', 1, 1, 1, 0, 749.94, 0, 0, 749.94, 0, 0, 0),
	(193, 1, 1, '2019-08-16 06:42:12', 1, 1, 1, 0, 1299.45, 0, 0, 1299.45, 0, 0, 0),
	(194, 1, 1, '2019-08-17 06:25:08', 1, 1, 1, 0, 778.37, 0, 0, 778.37, 0, 0, 0),
	(195, 1, 1, '2019-08-18 08:37:10', 1, 1, 1, 0, 284.1, 0, 0, 284.1, 0, 0, 0),
	(196, 1, 1, '2019-08-19 06:29:10', 1, 1, 1, 0, 865.86, 0, 0, 865.86, 0, 0, 0),
	(197, 1, 1, '2019-08-20 06:41:48', 1, 1, 1, 0, 779.87, 0, 0, 779.87, 0, 0, 0),
	(198, 1, 1, '2019-08-21 06:33:09', 1, 1, 1, 0, 794.16, 0, 0, 794.16, 0, 0, 0),
	(199, 1, 1, '2019-08-22 06:28:04', 1, 1, 1, 0, 915.11, 0, 0, 915.11, 0, 0, 0),
	(200, 1, 1, '2019-08-23 06:30:30', 1, 1, 1, 0, 958.3, 0, 0, 958.3, 0, 0, 0),
	(201, 1, 1, '2019-08-24 06:26:58', 1, 1, 1, 0, 1033.77, 0, 0, 1033.77, 0, 0, 0),
	(202, 1, 1, '2019-08-25 08:24:14', 1, 1, 1, 0, 689.15, 0, 0, 689.15, 0, 0, 0),
	(203, 1, 1, '2019-08-26 06:29:21', 1, 1, 1, 0, 1251.2, 0, 0, 1251.2, 0, 0, 0),
	(204, 1, 1, '2019-08-27 06:29:31', 1, 1, 1, 0, 1181.99, 0, 0, 1181.99, 0, 0, 0),
	(205, 1, 1, '2019-08-28 06:27:46', 1, 1, 1, 0, 1039.75, 0, 0, 1039.75, 0, 0, 0),
	(206, 1, 1, '2019-08-29 06:28:30', 1, 1, 1, 0, 960.6, 0, 0, 960.6, 0, 0, 0),
	(207, 1, 1, '2019-08-30 06:37:26', 1, 1, 1, 0, 1130.48, 0, 0, 1130.48, 0, 0, 0),
	(208, 1, 1, '2019-08-31 06:40:00', 1, 1, 1, 0, 1193.18, 0, 0, 1193.18, 0, 0, 0),
	(209, 1, 1, '2019-09-01 08:15:51', 1, 1, 1, 0, 552.13, 0, 0, 552.13, 0, 0, 0),
	(210, 1, 1, '2019-09-02 06:31:02', 1, 1, 1, 0, 828.2, 0, 0, 828.2, 0, 0, 0),
	(211, 1, 1, '2019-09-03 06:31:27', 1, 1, 1, 0, 926.65, 0, 0, 926.65, 0, 0, 0),
	(212, 1, 1, '2019-09-04 06:34:39', 1, 1, 1, 0, 1028.25, 0, 0, 1028.25, 0, 0, 0),
	(213, 1, 1, '2019-09-05 06:37:07', 1, 1, 1, 0, 1207.93, 0, 0, 1207.93, 0, 0, 0),
	(214, 1, 1, '2019-09-06 06:31:05', 1, 1, 1, 0, 1277.76, 0, 0, 1277.76, 0, 0, 0),
	(215, 1, 1, '2019-09-07 06:37:47', 1, 1, 1, 0, 1066.6, 0, 12.75, 1053.85, 0, 0, 0),
	(216, 1, 1, '2019-09-08 08:49:12', 1, 1, 1, 0, 350.05, 0, 0, 350.05, 0, 0, 0),
	(217, 1, 1, '2019-09-09 08:46:44', 1, 1, 1, 0, 564.6, 0, 0, 564.6, 0, 0, 0),
	(218, 1, 1, '2019-09-10 06:24:50', 1, 1, 1, 0, 1169.6, 0, 0, 1169.6, 0, 0, 0),
	(219, 1, 1, '2019-09-11 06:27:21', 1, 1, 1, 0, 1090.02, 0, 13.65, 1076.37, 0, 0, 0),
	(220, 1, 1, '2019-09-12 06:27:55', 1, 1, 1, 0, 1529.42, 0, 0, 1529.42, 0, 0, 0),
	(221, 1, 1, '2019-09-13 06:27:44', 1, 1, 1, 0, 1346.7, 0, 0, 1346.7, 0, 0, 0),
	(222, 1, 1, '2019-09-14 06:42:27', 1, 1, 1, 0, 1256.98, 0, 0, 1256.98, 0, 0, 0),
	(223, 1, 1, '2019-09-15 08:49:58', 1, 1, 1, 0, 682.3, 0, 0, 682.3, 0, 0, 0),
	(224, 1, 1, '2019-09-16 06:30:29', 1, 1, 1, 0, 1046.12, 0, 0, 1046.12, 0, 0, 0),
	(225, 1, 1, '2019-09-16 21:01:31', 1, 1, 1, 0, 785.09, 0, 0, 785.09, 0, 0, 0),
	(226, 1, 1, '2019-09-18 06:36:42', 1, 1, 1, 0, 1162.46, 0, 0, 1162.46, 0, 0, 0),
	(227, 1, 1, '2019-09-19 06:33:28', 1, 1, 1, 0, 1210.8, 0, 0, 1210.8, 0, 0, 0),
	(228, 1, 1, '2019-09-20 06:22:40', 1, 1, 1, 0, 1269.59, 0, 0, 1269.59, 0, 0, 0),
	(229, 1, 1, '2019-09-21 06:39:39', 1, 1, 1, 0, 922.58, 0, 0, 922.58, 0, 0, 0),
	(230, 1, 1, '2019-09-22 08:50:02', 1, 1, 1, 0, 880.9, 0, 0, 880.9, 0, 0, 0),
	(231, 1, 1, '2019-09-23 06:33:53', 1, 1, 1, 0, 1078.55, 0, 0, 1078.55, 0, 0, 0),
	(232, 1, 1, '2019-09-24 06:33:19', 1, 1, 1, 0, 1113.64, 0, 0, 1113.64, 0, 0, 0),
	(233, 1, 1, '2019-09-25 06:31:18', 1, 1, 1, 0, 999.02, 0, 0, 999.02, 0, 0, 0),
	(234, 1, 1, '2019-09-26 06:39:24', 1, 1, 1, 0, 1075.95, 0, 0, 1075.95, 0, 0, 0),
	(235, 1, 1, '2019-09-27 06:29:40', 1, 1, 1, 0, 1279.81, 0, 0, 1279.81, 0, 0, 0),
	(236, 1, 1, '2019-09-28 06:26:05', 1, 1, 1, 0, 908.47, 0, 0, 908.47, 0, 0, 0),
	(237, 1, 1, '2019-09-28 18:25:47', 1, 1, 1, 0, 27.84, 0, 0, 27.84, 0, 0, 0),
	(238, 1, 1, '2019-09-29 08:27:26', 1, 1, 1, 0, 665.34, 0, 0, 665.34, 0, 0, 0),
	(239, 1, 1, '2019-09-30 06:44:13', 1, 1, 1, 0, 1234.45, 0, 0, 1234.45, 0, 0, 0),
	(240, 1, 1, '2019-10-01 06:28:08', 1, 1, 1, 0, 1035.24, 0, 0, 1035.24, 0, 0, 0),
	(241, 1, 1, '2019-10-02 06:27:52', 1, 1, 1, 0, 1061.01, 0, 0, 1061.01, 0, 0, 0),
	(242, 1, 1, '2019-10-03 06:38:09', 1, 1, 1, 0, 1085.79, 0, 0, 1085.79, 0, 0, 0),
	(243, 1, 1, '2019-10-04 06:32:25', 1, 1, 1, 0, 1498.98, 0, 0, 1498.98, 0, 0, 0),
	(244, 1, 1, '2019-10-05 06:29:15', 1, 1, 1, 0, 1046.35, 0, 0, 1046.35, 0, 0, 0),
	(245, 1, 1, '2019-10-06 08:22:41', 1, 1, 1, 0, 612.5, 0, 0, 612.5, 0, 0, 0),
	(246, 1, 1, '2019-10-07 06:29:55', 1, 1, 1, 0, 1233.2, 0, 0, 1233.2, 0, 0, 0),
	(247, 1, 1, '2019-10-08 06:46:53', 1, 1, 1, 0, 1037.74, 0, 0, 1037.74, 0, 0, 0),
	(248, 1, 1, '2019-10-09 06:31:05', 1, 1, 1, 0, 1125.8, 0, 0, 1125.8, 0, 0, 0),
	(249, 1, 1, '2019-10-10 06:36:54', 1, 1, 1, 0, 1139.61, 0, 18.2, 1121.41, 0, 0, 0),
	(250, 1, 1, '2019-10-11 06:28:12', 1, 1, 1, 0, 1749.66, 0, 0, 1749.66, 0, 0, 0),
	(251, 1, 1, '2019-10-11 21:09:52', 1, 1, 1, 0, 0, 0, 0, 0, 0, 0, 0),
	(252, 1, 1, '2019-10-12 08:21:35', 1, 1, 1, 0, 831.56, 0, 0, 831.56, 0, 0, 0),
	(253, 1, 1, '2019-10-13 08:44:55', 1, 1, 1, 0, 905.57, 0, 0, 905.57, 0, 0, 0),
	(254, 1, 1, '2019-10-14 06:28:05', 1, 1, 1, 0, 1375.3, 0, 0, 1375.3, 0, 0, 0),
	(255, 1, 1, '2019-10-15 06:35:35', 1, 1, 1, 0, 1098.31, 0, 0, 1098.31, 0, 0, 0),
	(256, 1, 1, '2019-10-16 06:30:50', 1, 1, 1, 0, 1206.6, 0, 0, 1206.6, 0, 0, 0),
	(257, 1, 1, '2019-10-17 06:33:51', 1, 1, 1, 0, 1015.76, 0, 0, 1015.76, 0, 0, 0),
	(258, 1, 1, '2019-10-18 06:39:31', 1, 1, 1, 0, 1379.36, 0, 0, 1379.36, 0, 0, 0),
	(259, 1, 1, '2019-10-19 06:35:03', 1, 1, 1, 0, 1181.46, 0, 0, 1181.46, 0, 0, 0),
	(260, 1, 1, '2019-10-19 17:23:42', 1, 1, 1, 0, 31, 0, 0, 31, 0, 0, 0),
	(261, 1, 1, '2019-10-20 08:56:02', 1, 1, 1, 0, 766.85, 0, 0, 766.85, 0, 0, 0),
	(262, 1, 1, '2019-10-21 06:35:05', 1, 1, 1, 0, 1245.99999999999, 0, 0, 1245.99999999999, 0, 0, 0),
	(263, 1, 1, '2019-10-22 06:36:39', 1, 1, 1, 0, 1221.18, 0, 0, 1221.18, 0, 0, 0),
	(264, 1, 1, '2019-10-23 06:34:38', 1, 1, 1, 0, 1394.95, 0, 0, 1394.95, 0, 0, 0),
	(265, 1, 1, '2019-10-24 06:32:39', 1, 1, 1, 0, 1462.32, 0, 0, 1462.32, 0, 0, 0),
	(266, 1, 1, '2019-10-25 06:38:52', 1, 1, 1, 0, 1440.84, 0, 0, 1440.84, 0, 0, 0),
	(267, 1, 1, '2019-10-26 06:35:22', 1, 1, 1, 0, 1197.23, 0, 0, 1197.23, 0, 0, 0),
	(268, 1, 1, '2019-10-27 08:26:27', 1, 1, 1, 0, 794.3, 0, 0, 794.3, 0, 0, 0),
	(269, 1, 1, '2019-10-28 06:36:15', 1, 1, 1, 0, 1523.5, 0, 0, 1523.5, 0, 0, 0),
	(270, 1, 1, '2019-10-29 06:35:55', 1, 1, 1, 0, 1067.17, 0, 0, 1067.17, 0, 0, 0),
	(271, 1, 1, '2019-10-30 06:37:29', 1, 1, 1, 0, 1222.12, 0, 0, 1222.12, 0, 0, 0),
	(272, 1, 1, '2019-10-31 06:34:42', 1, 1, 1, 0, 1825.67, 0, 0, 1825.67, 0, 0, 0),
	(273, 1, 1, '2019-11-01 08:41:26', 1, 1, 1, 0, 1915.08, 0, 0, 1915.08, 0, 0, 0),
	(274, 1, 1, '2019-11-03 08:49:56', 1, 1, 1, 0, 799.74, 0, 0, 799.74, 0, 0, 0),
	(275, 1, 1, '2019-11-04 06:43:22', 1, 1, 1, 0, 884.2, 0, 0, 884.2, 0, 0, 0),
	(276, 1, 1, '2019-11-05 06:35:28', 1, 1, 1, 0, 1235.71, 0, 0, 1235.71, 0, 0, 0),
	(277, 1, 1, '2019-11-06 06:34:54', 1, 1, 1, 0, 1180.95, 0, 0, 1180.95, 0, 0, 0),
	(278, 1, 1, '2019-11-07 06:34:16', 1, 1, 1, 0, 1162.05, 0, 0, 1162.05, 0, 0, 0),
	(279, 1, 1, '2019-11-08 06:31:28', 1, 1, 1, 0, 1421.68, 0, 0, 1421.68, 0, 0, 0),
	(280, 1, 1, '2019-11-09 06:39:40', 1, 1, 1, 0, 1146.45, 0, 0, 1146.45, 0, 0, 0),
	(281, 1, 1, '2019-11-10 08:29:01', 1, 1, 1, 0, 822.48, 0, 0, 822.48, 0, 0, 0),
	(282, 1, 1, '2019-11-11 06:36:01', 1, 1, 1, 0, 1324.03, 0, 0, 1324.03, 0, 0, 0),
	(283, 1, 1, '2019-11-12 06:30:15', 1, 1, 1, 0, 1142.85, 0, 0, 1142.85, 0, 0, 0),
	(284, 1, 1, '2019-11-13 06:37:14', 1, 1, 1, 0, 1161.61, 0, 0.85, 1160.76, 0, 0, 0),
	(285, 1, 1, '2019-11-14 06:45:56', 1, 1, 1, 0, 1326.87, 0, 0, 1326.87, 0, 0, 0),
	(286, 1, 1, '2019-11-15 06:33:32', 1, 1, 1, 0, 1618.3, 0, 0, 1618.3, 0, 0, 0),
	(287, 1, 1, '2019-11-16 06:42:24', 1, 1, 1, 0, 1325.61, 0, 0, 1325.61, 0, 0, 0),
	(288, 1, 1, '2019-11-17 09:03:42', 1, 1, 1, 0, 2018.58, 0, 0, 2018.58, 0, 0, 0),
	(289, 1, 1, '2019-11-19 06:37:11', 1, 1, 1, 0, 1082.78, 0, 0, 1082.78, 0, 0, 0),
	(290, 1, 1, '2019-11-20 06:36:11', 1, 1, 1, 0, 1165.36, 0, 0, 1165.36, 0, 0, 0),
	(291, 1, 1, '2019-11-21 06:33:26', 1, 1, 1, 0, 1378.55, 0, 0, 1378.55, 0, 0, 0),
	(292, 1, 1, '2019-11-22 06:34:45', 1, 1, 1, 0, 1390.65, 0, 0, 1390.65, 0, 0, 0),
	(293, 1, 1, '2019-11-23 06:33:30', 1, 1, 1, 0, 1128.38, 0, 0, 1128.38, 0, 0, 0),
	(294, 1, 1, '2019-11-24 08:55:11', 1, 1, 1, 0, 764.91, 0, 0, 764.91, 0, 0, 0),
	(295, 1, 1, '2019-11-25 06:34:42', 1, 1, 1, 0, 1425.81, 0, 0, 1425.81, 0, 0, 0),
	(296, 1, 1, '2019-11-26 06:38:50', 1, 1, 1, 0, 1134.63, 0, 0, 1134.63, 0, 0, 0),
	(297, 1, 1, '2019-11-27 06:29:29', 1, 1, 1, 0, 1269.6, 0, 0, 1269.6, 0, 0, 0),
	(298, 1, 1, '2019-11-28 06:35:18', 1, 1, 1, 0, 1171.3, 0, 0, 1171.3, 0, 0, 0),
	(299, 1, 1, '2019-11-29 06:36:34', 1, 1, 1, 0, 1640.6, 0, 0, 1640.6, 0, 0, 0),
	(300, 1, 1, '2019-11-30 06:41:18', 1, 1, 1, 0, 1050.56, 0, 0, 1050.56, 0, 0, 0),
	(301, 1, 1, '2019-12-01 08:25:25', 1, 1, 1, 0, 899.91, 0, 0, 899.91, 0, 0, 0),
	(302, 1, 1, '2019-12-02 06:30:58', 1, 1, 1, 0, 1260.99, 0, 0, 1260.99, 0, 0, 0),
	(303, 1, 1, '2019-12-03 06:27:11', 1, 1, 1, 0, 1463.17, 0, 0, 1463.17, 0, 0, 0),
	(304, 1, 1, '2019-12-04 06:36:36', 1, 1, 1, 0, 1155.22, 0, 0, 1155.22, 0, 0, 0),
	(305, 1, 1, '2019-12-05 06:37:19', 1, 1, 1, 0, 1756.53, 0, 0, 1756.53, 0, 0, 0),
	(306, 1, 1, '2019-12-06 08:40:37', 1, 1, 1, 0, 849.87, 0, 0, 849.87, 0, 0, 0),
	(307, 1, 1, '2019-12-07 06:27:54', 1, 1, 1, 0, 1357.88, 0, 0, 1357.88, 0, 0, 0),
	(308, 1, 1, '2019-12-08 08:40:08', 1, 1, 1, 0, 907.4, 0, 0, 907.4, 0, 0, 0),
	(309, 1, 1, '2019-12-09 08:37:49', 1, 1, 1, 0, 666.34, 0, 0, 666.34, 0, 0, 0),
	(310, 1, 1, '2019-12-10 06:27:11', 1, 1, 1, 0, 1494.58, 0, 17.55, 1477.03, 0, 0, 0),
	(311, 1, 1, '2019-12-11 06:35:43', 1, 1, 1, 0, 1356.34, 0, 0, 1356.34, 0, 0, 0),
	(312, 1, 1, '2019-12-12 06:30:08', 1, 1, 1, 0, 1235.72, 0, 0, 1235.72, 0, 0, 0),
	(313, 1, 1, '2019-12-13 06:30:16', 1, 1, 1, 0, 1551.75, 0, 0, 1551.75, 0, 0, 0),
	(314, 1, 1, '2019-12-14 06:34:50', 1, 1, 1, 0, 1036.78, 0, 0, 1036.78, 0, 0, 0),
	(315, 1, 1, '2019-12-15 08:38:52', 1, 1, 1, 0, 698.43, 0, 0, 698.43, 0, 0, 0),
	(316, 1, 1, '2019-12-16 06:24:29', 1, 1, 1, 0, 1413.86, 0, 0, 1413.86, 0, 0, 0),
	(317, 1, 1, '2019-12-17 06:35:04', 1, 1, 1, 0, 1094.36, 0, 0, 1094.36, 0, 0, 0),
	(318, 1, 1, '2019-12-18 06:34:15', 1, 1, 1, 0, 1341.98, 0, 24.35, 1317.63, 0, 0, 0),
	(319, 1, 1, '2019-12-19 06:24:41', 1, 1, 1, 0, 1296.48, 0, 0, 1296.48, 0, 0, 0),
	(320, 1, 1, '2019-12-20 06:27:49', 1, 1, 1, 0, 1237.6, 0, 0, 1237.6, 0, 0, 0),
	(321, 1, 1, '2019-12-21 06:30:41', 1, 1, 1, 0, 1083.89, 0, 0, 1083.89, 0, 0, 0),
	(322, 1, 1, '2019-12-22 08:17:02', 1, 1, 1, 0, 600.55, 0, 0, 600.55, 0, 0, 0),
	(323, 1, 1, '2019-12-23 06:36:19', 1, 1, 1, 0, 1254.2, 0, 0, 1254.2, 0, 0, 0),
	(324, 1, 1, '2019-12-24 06:28:34', 1, 1, 1, 0, 3352.24, 0, 0, 3352.24, 0, 0, 0),
	(325, 1, 1, '2019-12-26 06:12:18', 1, 1, 1, 0, 1481.54, 0, 0, 1481.54, 0, 0, 0),
	(326, 1, 1, '2019-12-27 06:28:49', 1, 1, 1, 0, 1271.27, 0, 0, 1271.27, 0, 0, 0),
	(327, 1, 1, '2019-12-28 06:39:47', 1, 1, 1, 0, 811.92, 0, 0, 811.92, 0, 0, 0),
	(328, 1, 1, '2019-12-29 08:47:23', 1, 1, 1, 0, 870.15, 0, 0, 870.15, 0, 0, 0),
	(329, 1, 1, '2019-12-30 06:29:38', 1, 1, 1, 0, 1623, 0, 0, 1623, 0, 0, 0),
	(330, 1, 1, '2019-12-31 06:48:33', 1, 1, 1, 0, 1596.06, 0, 0, 1596.06, 0, 0, 0),
	(331, 1, 1, '2020-01-02 06:34:40', 1, 1, 1, 0, 1343.35, 0, 0, 1343.35, 0, 0, 0),
	(332, 1, 1, '2020-01-03 06:32:24', 1, 1, 1, 0, 1406.92, 0, 0, 1406.92, 0, 0, 0),
	(333, 1, 1, '2020-01-04 06:31:23', 1, 1, 1, 0, 1105.73, 0, 0, 1105.73, 0, 0, 0),
	(334, 1, 1, '2020-01-05 08:04:36', 1, 1, 1, 0, 1073.33, 0, 0, 1073.33, 0, 0, 0),
	(335, 1, 1, '2020-01-06 08:19:30', 1, 1, 1, 0, 877.98, 0, 0, 877.98, 0, 0, 0),
	(336, 1, 1, '2020-01-07 06:33:59', 1, 1, 1, 0, 1242.9, 0, 0, 1242.9, 0, 0, 0),
	(337, 1, 1, '2020-01-08 06:37:11', 1, 1, 1, 0, 1030.46, 0, 0, 1030.46, 0, 0, 0),
	(338, 1, 1, '2020-01-09 06:27:07', 1, 1, 1, 0, 1107.96, 0, 0, 1107.96, 0, 0, 0),
	(339, 1, 1, '2020-01-10 06:31:31', 1, 1, 1, 0, 1255.02, 0, 0, 1255.02, 0, 0, 0),
	(340, 1, 1, '2020-01-11 06:41:53', 1, 1, 1, 0, 1006.03, 0, 0, 1006.03, 0, 0, 0),
	(341, 1, 1, '2020-01-12 08:19:41', 1, 1, 1, 0, 690.88, 0, 0, 690.88, 0, 0, 0),
	(342, 1, 1, '2020-01-13 06:28:20', 1, 1, 1, 0, 1350.22, 0, 0, 1350.22, 0, 0, 0),
	(343, 1, 1, '2020-01-14 06:39:20', 1, 1, 1, 0, 1060.03, 0, 0, 1060.03, 0, 0, 0),
	(344, 1, 1, '2020-01-15 06:29:05', 1, 1, 1, 0, 1114.65, 0, 0, 1114.65, 0, 0, 0),
	(345, 1, 1, '2020-01-16 06:32:13', 1, 1, 1, 0, 1150.14, 0, 0, 1150.14, 0, 0, 0),
	(346, 1, 1, '2020-01-17 06:28:22', 1, 1, 1, 0, 1238.62, 0, 0, 1238.62, 0, 0, 0),
	(347, 1, 1, '2020-01-18 06:37:46', 1, 1, 1, 0, 1128.56, 0, 0, 1128.56, 0, 0, 0),
	(348, 1, 1, '2020-01-19 08:21:49', 1, 1, 1, 0, 800.32, 0, 0, 800.32, 0, 0, 0),
	(349, 1, 1, '2020-01-20 06:32:33', 1, 1, 1, 0, 1373.47, 0, 0, 1373.47, 0, 0, 0),
	(350, 1, 1, '2020-01-21 06:36:53', 1, 1, 1, 0, 1324.2, 0, 0, 1324.2, 0, 0, 0),
	(351, 1, 1, '2020-01-22 06:30:30', 1, 1, 1, 0, 1129.16, 0, 0, 1129.16, 0, 0, 0),
	(352, 1, 1, '2020-01-23 06:35:43', 1, 1, 1, 0, 1353.91, 0, 0, 1353.91, 0, 0, 0),
	(353, 1, 1, '2020-01-24 06:39:36', 1, 1, 1, 0, 1642.89, 0, 0, 1642.89, 0, 0, 0),
	(354, 1, 1, '2020-01-25 06:55:54', 1, 1, 1, 0, 1160.61, 0, 0, 1160.61, 0, 0, 0),
	(355, 1, 1, '2020-01-26 08:56:14', 1, 1, 1, 0, 587.72, 0, 0, 587.72, 0, 0, 0),
	(356, 1, 1, '2020-01-27 06:39:04', 1, 1, 1, 0, 1406.14, 0, 0, 1406.14, 0, 0, 0),
	(357, 1, 1, '2020-01-28 06:29:48', 1, 1, 1, 0, 1339.37, 0, 0, 1339.37, 0, 0, 0),
	(358, 1, 1, '2020-01-29 06:39:01', 1, 1, 1, 0, 1165.15, 0, 0, 1165.15, 0, 0, 0),
	(359, 1, 1, '2020-01-30 06:30:01', 1, 1, 1, 0, 1301.37, 0, 0, 1301.37, 0, 0, 0),
	(360, 1, 1, '2020-01-31 06:50:25', 1, 1, 1, 0, 1778.83, 0, 0, 1778.83, 0, 0, 0),
	(361, 1, 1, '2020-02-01 06:39:14', 1, 1, 1, 0, 1402.83, 0, 0, 1402.83, 0, 0, 0),
	(362, 1, 1, '2020-02-01 13:51:00', 1, 1, 1, 0, 125.75, 0, 0, 125.75, 0, 0, 0),
	(363, 1, 1, '2020-02-02 08:08:53', 1, 1, 1, 0, 833.49, 0, 0, 833.49, 0, 0, 0),
	(364, 1, 1, '2020-02-03 06:28:21', 1, 1, 1, 0, 1370.16, 0, 0, 1370.16, 0, 0, 0),
	(365, 1, 1, '2020-02-04 06:32:43', 1, 1, 1, 0, 1198.23, 0, 0, 1198.23, 0, 0, 0),
	(366, 1, 1, '2020-02-05 06:30:44', 1, 1, 1, 0, 1126.94, 0, 0, 1126.94, 0, 0, 0),
	(367, 1, 1, '2020-02-06 06:33:16', 1, 1, 1, 0, 1268.04, 0, 0, 1268.04, 0, 0, 0),
	(368, 1, 1, '2020-02-07 06:40:35', 1, 1, 1, 0, 1554.62, 0, 0, 1554.62, 0, 0, 0),
	(369, 1, 1, '2020-02-08 06:55:13', 1, 1, 1, 0, 1385.32, 0, 0, 1385.32, 0, 0, 0),
	(370, 1, 1, '2020-02-09 08:34:02', 1, 1, 1, 0, 1025, 0, 0, 1025, 0, 0, 0),
	(371, 1, 1, '2020-02-10 06:31:38', 1, 1, 1, 0, 1533.45, 0, 0, 1533.45, 0, 0, 0),
	(372, 1, 1, '2020-02-11 06:39:51', 1, 1, 1, 0, 1179.74, 0, 0, 1179.74, 0, 0, 0),
	(373, 1, 1, '2020-02-12 06:38:11', 1, 1, 1, 0, 1282.52, 0, 0, 1282.52, 0, 0, 0),
	(374, 1, 1, '2020-02-13 06:34:17', 1, 1, 1, 0, 1431.64, 0, 0, 1431.64, 0, 0, 0),
	(375, 1, 1, '2020-02-14 06:38:27', 1, 1, 1, 0, 1627.15, 0, 0, 1627.15, 0, 0, 0),
	(376, 1, 1, '2020-02-15 06:37:46', 1, 1, 1, 0, 1135.23, 0, 0, 1135.23, 0, 0, 0),
	(377, 1, 1, '2020-02-16 08:13:13', 1, 1, 1, 0, 909.97, 0, 0, 909.97, 0, 0, 0),
	(378, 1, 1, '2020-02-17 06:33:40', 1, 1, 1, 0, 1451.94, 0, 0, 1451.94, 0, 0, 0),
	(379, 1, 1, '2020-02-18 06:27:38', 1, 1, 1, 0, 1207.57, 0, 0, 1207.57, 0, 0, 0),
	(380, 1, 1, '2020-02-19 06:33:24', 1, 1, 1, 0, 1195.21, 0, 0, 1195.21, 0, 0, 0),
	(381, 1, 1, '2020-02-20 06:46:37', 1, 1, 1, 0, 1322.02, 0, 25.45, 1296.57, 0, 0, 0),
	(382, 1, 1, '2020-02-21 06:44:04', 1, 1, 1, 0, 1470.34, 0, 6.6, 1463.74, 0, 0, 0),
	(383, 1, 1, '2020-02-22 06:43:27', 1, 1, 1, 0, 1209.89, 0, 0, 1209.89, 0, 0, 0),
	(384, 1, 1, '2020-02-23 08:36:23', 1, 1, 1, 0, 820.27, 0, 0, 820.27, 0, 0, 0),
	(385, 1, 1, '2020-02-24 06:40:24', 1, 1, 1, 0, 1600.55, 0, 22.15, 1578.4, 0, 0, 0),
	(386, 1, 1, '2020-02-25 06:34:39', 1, 1, 1, 0, 1115.3, 0, 0, 1115.3, 0, 0, 0),
	(387, 1, 1, '2020-02-26 07:00:36', 1, 1, 1, 0, 1257.41, 0, 0, 1257.41, 0, 0, 0),
	(388, 1, 1, '2020-02-27 06:34:12', 1, 1, 1, 0, 1658.38, 0, 0, 1658.38, 0, 0, 0),
	(389, 1, 1, '2020-02-28 08:37:48', 1, 1, 1, 0, 983.65, 0, 0, 983.65, 0, 0, 0),
	(390, 1, 1, '2020-02-29 06:42:35', 1, 1, 1, 0, 1325.38, 0, 0, 1325.38, 0, 0, 0),
	(391, 1, 1, '2020-03-01 08:51:48', 1, 1, 1, 0, 773.28, 0, 0, 773.28, 0, 0, 0),
	(392, 1, 1, '2020-03-02 06:35:04', 1, 1, 1, 0, 1469.65, 0, 6.5, 1463.15, 0, 0, 0),
	(393, 1, 1, '2020-03-03 06:32:54', 1, 1, 1, 0, 1148.45, 0, 0, 1148.45, 0, 0, 0),
	(394, 1, 1, '2020-03-04 06:32:19', 1, 1, 1, 0, 955.96, 0, 9.8, 946.16, 0, 0, 0),
	(395, 1, 1, '2020-03-05 06:36:54', 1, 1, 1, 0, 1603.51, 0, 34.2, 1569.31, 0, 0, 0),
	(396, 1, 1, '2020-03-06 06:37:49', 1, 1, 1, 0, 1611.81, 0, 27.15, 1584.66, 0, 0, 0),
	(397, 1, 1, '2020-03-07 06:45:30', 1, 1, 1, 0, 1030.76, 0, 0, 1030.76, 0, 0, 0),
	(398, 1, 1, '2020-03-08 08:35:31', 1, 1, 1, 0, 1234.74, 0, 0, 1234.74, 0, 0, 0),
	(399, 1, 1, '2020-03-09 06:34:53', 1, 1, 1, 0, 1033.4, 0, 0, 1033.4, 0, 0, 0),
	(400, 1, 1, '2020-03-10 06:42:18', 1, 1, 1, 0, 1362.76, 0, 0, 1362.76, 0, 0, 0),
	(401, 1, 1, '2020-03-11 06:30:29', 1, 1, 1, 0, 1113.98, 0, 0, 1113.98, 0, 0, 0),
	(402, 1, 1, '2020-03-12 06:36:12', 1, 1, 1, 0, 1308.05, 0, 0, 1308.05, 0, 0, 0),
	(403, 1, 1, '2020-03-13 06:38:25', 1, 1, 1, 0, 1459.99, 0, 0, 1459.99, 0, 0, 0),
	(404, 1, 1, '2020-03-14 06:41:17', 1, 1, 1, 0, 1371.96, 0, 0, 1371.96, 0, 0, 0),
	(405, 1, 1, '2020-03-15 08:17:44', 1, 1, 1, 0, 802.41, 0, 0, 802.41, 0, 0, 0),
	(406, 1, 1, '2020-03-16 06:25:05', 1, 1, 1, 0, 1211.44, 0, 0, 1211.44, 0, 0, 0),
	(407, 1, 1, '2020-03-17 06:34:17', 1, 1, 1, 0, 1074.31, 0, 0, 1074.31, 0, 0, 0),
	(408, 1, 1, '2020-03-18 06:34:50', 1, 1, 1, 0, 980.54, 0, 0, 980.54, 0, 0, 0),
	(409, 1, 1, '2020-03-19 06:40:22', 1, 1, 1, 0, 1528.7, 0, 4.9, 1523.8, 0, 0, 0),
	(410, 1, 1, '2020-03-20 06:28:38', 1, 1, 1, 0, 1377.92, 0, 0, 1377.92, 0, 0, 0),
	(411, 1, 1, '2020-03-21 06:35:47', 1, 1, 1, 0, 1019.3, 0, 11.35, 1007.95, 0, 0, 0),
	(412, 1, 1, '2020-03-22 08:17:37', 1, 1, 1, 0, 451.32, 0, 0, 451.32, 0, 0, 0),
	(413, 1, 1, '2020-03-23 06:33:48', 1, 1, 1, 0, 1429.01, 0, 0, 1429.01, 0, 0, 0),
	(414, 1, 1, '2020-03-24 06:31:57', 1, 1, 1, 0, 1171.9, 0, 0, 1171.9, 0, 0, 0),
	(415, 1, 1, '2020-03-25 06:36:52', 1, 1, 1, 0, 1303.65, 0, 0, 1303.65, 0, 0, 0),
	(416, 1, 1, '2020-03-26 06:27:15', 1, 1, 1, 0, 1207.16, 0, 0, 1207.16, 0, 0, 0),
	(417, 1, 1, '2020-03-27 06:31:31', 1, 1, 1, 0, 1383.63, 0, 0, 1383.63, 0, 0, 0),
	(418, 1, 1, '2020-03-28 06:29:52', 1, 1, 1, 0, 972.15, 0, 0, 972.15, 0, 0, 0),
	(419, 1, 1, '2020-03-29 08:34:42', 1, 1, 1, 0, 615.06, 0, 0, 615.06, 0, 0, 0),
	(420, 1, 1, '2020-03-30 06:36:39', 1, 1, 1, 0, 1320.75, 0, 0, 1320.75, 0, 0, 0),
	(421, 1, 1, '2020-03-31 06:33:18', 1, 1, 1, 0, 1365.35, 0, 0, 1365.35, 0, 0, 0),
	(422, 1, 1, '2020-04-01 06:29:07', 1, 1, 1, 0, 1459.25, 0, 0, 1459.25, 0, 0, 0),
	(423, 1, 1, '2020-04-02 06:28:07', 1, 1, 1, 0, 1449.74, 0, 11, 1438.74, 0, 0, 0),
	(424, 1, 1, '2020-04-03 06:43:45', 1, 1, 1, 0, 1609.4, 0, 0, 1609.4, 0, 0, 0),
	(425, 1, 1, '2020-04-04 06:44:30', 1, 1, 1, 0, 966.05, 0, 0, 966.05, 0, 0, 0),
	(426, 1, 1, '2020-04-05 08:31:34', 1, 1, 1, 0, 742.05, 0, 0, 742.05, 0, 0, 0),
	(427, 1, 1, '2020-04-06 06:31:55', 1, 1, 1, 0, 1596.35, 0, 0, 1596.35, 0, 0, 0),
	(428, 1, 1, '2020-04-07 06:40:16', 1, 1, 1, 0, 1946.85, 0, 0, 1946.85, 0, 0, 0),
	(429, 1, 1, '2020-04-08 06:31:55', 1, 1, 1, 0, 2926.88, 0, 14.5, 2912.38, 0, 0, 0),
	(430, 1, 1, '2020-04-08 21:24:04', 1, 1, 1, 0, 49, 0, 0, 49, 0, 0, 0),
	(431, 1, 1, '2020-04-09 07:52:37', 1, 1, 1, 0, 938.35, 0, 0, 938.35, 0, 0, 0),
	(432, 1, 1, '2020-04-11 06:41:00', 1, 1, 1, 0, 1011.2, 0, 0, 1011.2, 0, 0, 0),
	(433, 1, 1, '2020-04-12 08:10:05', 1, 1, 1, 0, 485.2, 0, 0, 485.2, 0, 0, 0),
	(434, 1, 1, '2020-04-13 06:44:25', 1, 1, 1, 0, 1343.23, 0, 0, 1343.23, 0, 0, 0),
	(435, 1, 1, '2020-04-14 06:32:15', 1, 1, 1, 0, 1391.25, 0, 39.7, 1351.55, 0, 0, 0),
	(436, 1, 1, '2020-04-15 06:36:03', 1, 1, 1, 0, 1319.82, 0, 0, 1319.82, 0, 0, 0),
	(437, 1, 1, '2020-04-16 06:52:18', 1, 1, 1, 0, 1125.6, 0, 0.95, 1124.65, 0, 0, 0),
	(438, 1, 1, '2020-04-17 06:38:23', 1, 1, 1, 0, 1324.9, 0, 2.95, 1321.95, 0, 0, 0),
	(439, 1, 1, '2020-04-18 06:48:23', 1, 1, 1, 0, 1111.4, 0, 0, 1111.4, 0, 0, 0),
	(440, 1, 1, '2020-04-19 08:27:49', 1, 1, 1, 0, 508.17, 0, 0, 508.17, 0, 0, 0),
	(441, 1, 1, '2020-04-20 06:25:42', 1, 1, 1, 0, 1404.05, 0, 8, 1396.05, 0, 0, 0),
	(442, 1, 1, '2020-04-21 06:30:49', 1, 1, 1, 0, 1318.94, 0, 0, 1318.94, 0, 0, 0),
	(443, 1, 1, '2020-04-22 06:31:48', 1, 1, 1, 0, 1170.7, 0, 0, 1170.7, 0, 0, 0),
	(444, 1, 1, '2020-04-23 06:29:39', 1, 1, 1, 0, 1216.8, 0, 0, 1216.8, 0, 0, 0),
	(445, 1, 1, '2020-04-24 06:30:34', 1, 1, 1, 0, 1318.9, 0, 0, 1318.9, 0, 0, 0),
	(446, 1, 1, '2020-04-25 06:25:22', 1, 1, 1, 0, 1064.67, 0, 29.9, 1034.77, 0, 0, 0),
	(447, 1, 1, '2020-04-26 08:06:52', 1, 1, 1, 0, 558.75, 0, 0, 558.75, 0, 0, 0),
	(448, 1, 1, '2020-04-27 06:30:10', 1, 1, 1, 0, 1385.1, 0, 0, 1385.1, 0, 0, 0),
	(449, 1, 1, '2020-04-28 06:31:23', 1, 1, 1, 0, 1294.55, 0, 0, 1294.55, 0, 0, 0),
	(450, 1, 1, '2020-04-29 06:30:49', 1, 1, 1, 0, 1346.15, 0, 0, 1346.15, 0, 0, 0),
	(451, 1, 1, '2020-04-30 06:36:15', 1, 1, 1, 0, 1547.14, 0, 0, 1547.14, 0, 0, 0),
	(452, 1, 1, '2020-05-01 08:51:09', 1, 1, 1, 0, 564.09, 0, 0, 564.09, 0, 0, 0),
	(453, 1, 1, '2020-05-02 06:37:36', 1, 1, 1, 0, 1127.79, 0, 0, 1127.79, 0, 0, 0),
	(454, 1, 1, '2020-05-03 08:30:27', 1, 1, 1, 0, 718.75, 0, 0, 718.75, 0, 0, 0),
	(455, 1, 1, '2020-05-04 06:32:27', 1, 1, 1, 0, 1417, 0, 0, 1417, 0, 0, 0),
	(456, 1, 1, '2020-05-05 06:30:17', 1, 1, 1, 0, 1088, 0, 0, 1088, 0, 0, 0),
	(457, 1, 1, '2020-05-06 06:26:17', 1, 1, 1, 0, 1399.57, 0, 0, 1399.57, 0, 0, 0),
	(458, 1, 1, '2020-05-07 06:32:24', 1, 1, 1, 0, 1100.95, 0, 0, 1100.95, 0, 0, 0),
	(459, 1, 1, '2020-05-08 06:30:27', 1, 1, 1, 0, 1192.65, 0, 0, 1192.65, 0, 0, 0),
	(460, 1, 1, '2020-05-09 06:35:27', 1, 1, 1, 0, 1074.16, 0, 0, 1074.16, 0, 0, 0),
	(461, 1, 1, '2020-05-10 08:14:28', 1, 1, 1, 0, 591.5, 0, 0, 591.5, 0, 0, 0),
	(462, 1, 1, '2020-05-11 06:39:29', 1, 1, 1, 0, 1404.7, 0, 1.3, 1403.4, 0, 0, 0),
	(463, 1, 1, '2020-05-12 06:33:32', 1, 1, 1, 0, 1242.4, 0, 0, 1242.4, 0, 0, 0),
	(464, 1, 1, '2020-05-13 06:32:54', 1, 1, 1, 0, 1307.8, 0, 3.7, 1304.1, 0, 0, 0),
	(465, 1, 1, '2020-05-14 06:36:34', 1, 1, 1, 0, 1277.86, 0, 0, 1277.86, 0, 0, 0),
	(466, 1, 1, '2020-05-15 06:28:34', 1, 1, 1, 0, 1534.35, 0, 0, 1534.35, 0, 0, 0),
	(467, 1, 1, '2020-05-16 06:36:47', 1, 1, 1, 0, 1087.15, 0, 0, 1087.15, 0, 0, 0),
	(468, 1, 1, '2020-05-17 08:19:16', 1, 1, 1, 0, 625.94, 0, 0, 625.94, 0, 0, 0),
	(469, 1, 1, '2020-05-18 06:33:05', 1, 1, 1, 0, 1365.85, 0, 0, 1365.85, 0, 0, 0),
	(470, 1, 1, '2020-05-19 06:33:51', 1, 1, 1, 0, 1172.65, 0, 0, 1172.65, 0, 0, 0),
	(471, 1, 1, '2020-05-20 06:36:40', 1, 1, 1, 0, 994.8, 0, 7.7, 987.1, 0, 0, 0),
	(472, 1, 1, '2020-05-21 06:25:41', 1, 1, 1, 0, 1452.05, 0, 0, 1452.05, 0, 0, 0),
	(473, 1, 1, '2020-05-22 06:31:43', 1, 1, 1, 0, 1421.97, 0, 0, 1421.97, 0, 0, 0),
	(474, 1, 1, '2020-05-23 06:37:25', 1, 1, 1, 0, 1073.18, 0, 0, 1073.18, 0, 0, 0),
	(475, 1, 1, '2020-05-24 08:20:15', 1, 1, 1, 0, 696.8, 0, 0, 696.8, 0, 0, 0),
	(476, 1, 1, '2020-05-25 06:17:39', 1, 1, 1, 0, 1155.99, 0, 0, 1155.99, 0, 0, 0),
	(477, 1, 1, '2020-05-26 06:27:15', 1, 1, 1, 0, 1168.49, 0, 2.4, 1166.09, 0, 0, 0),
	(478, 1, 1, '2020-05-27 06:30:27', 1, 1, 1, 0, 953.6, 0, 0, 953.6, 0, 0, 0),
	(479, 1, 1, '2020-05-28 06:31:33', 1, 1, 1, 0, 1259.89, 0, 0, 1259.89, 0, 0, 0),
	(480, 1, 1, '2020-05-29 06:33:14', 1, 1, 1, 0, 1197.52, 0, 3.6, 1193.92, 0, 0, 0),
	(481, 1, 1, '2020-05-30 06:31:20', 1, 1, 1, 0, 999.65, 0, 16.2, 983.45, 0, 0, 0),
	(482, 1, 1, '2020-05-31 08:42:14', 1, 1, 1, 0, 674.39, 0, 0, 674.39, 0, 0, 0),
	(483, 1, 1, '2020-06-01 06:42:36', 1, 1, 1, 0, 1292.55, 0, 0, 1292.55, 0, 0, 0),
	(484, 1, 1, '2020-06-02 06:25:25', 1, 1, 1, 0, 1650.92, 0, 0, 1650.92, 0, 0, 0),
	(485, 1, 1, '2020-06-03 06:37:37', 1, 1, 1, 0, 1029.81, 0, 0, 1029.81, 0, 0, 0),
	(486, 1, 1, '2020-06-04 06:37:26', 1, 1, 1, 0, 1253.25, 0, 0, 1253.25, 0, 0, 0),
	(487, 1, 1, '2020-06-05 06:29:11', 1, 1, 1, 0, 1228.29, 0, 0, 1228.29, 0, 0, 0),
	(488, 1, 1, '2020-06-06 06:31:36', 1, 1, 1, 0, 976.09, 0, 0, 976.09, 0, 0, 0),
	(489, 1, 1, '2020-06-07 08:52:56', 1, 1, 1, 0, 658.95, 0, 0, 658.95, 0, 0, 0),
	(490, 1, 1, '2020-06-08 06:25:11', 1, 1, 1, 0, 1313.8, 0, 0, 1313.8, 0, 0, 0),
	(491, 1, 1, '2020-06-09 06:33:55', 1, 1, 1, 0, 1070.7, 0, 0, 1070.7, 0, 0, 0),
	(492, 1, 1, '2020-06-10 06:37:04', 1, 1, 1, 0, 1248.91, 0, 0, 1248.91, 0, 0, 0),
	(493, 1, 1, '2020-06-11 06:27:59', 1, 1, 1, 0, 1104.31, 0, 0, 1104.31, 0, 0, 0),
	(494, 1, 1, '2020-06-12 06:32:57', 1, 1, 1, 0, 1372.49, 0, 0, 1372.49, 0, 0, 0),
	(495, 1, 1, '2020-06-13 06:27:37', 1, 1, 1, 0, 1389.43, 0, 0, 1389.43, 0, 0, 0),
	(496, 1, 1, '2020-06-14 07:38:25', 1, 1, 1, 0, 805.75, 0, 0, 805.75, 0, 0, 0),
	(497, 1, 1, '2020-06-15 06:26:21', 1, 1, 1, 0, 1221, 0, 0, 1221, 0, 0, 0),
	(498, 1, 1, '2020-06-16 06:25:21', 1, 1, 1, 0, 1117.26, 0, 0, 1117.26, 0, 0, 0),
	(499, 1, 1, '2020-06-16 16:01:32', 1, 1, 1, 0, 96.6, 0, 0, 96.6, 0, 0, 0),
	(500, 1, 1, '2020-06-17 06:38:38', 1, 1, 1, 0, 1111.67, 0, 0, 1111.67, 0, 0, 0),
	(501, 1, 1, '2020-06-18 06:39:48', 1, 1, 1, 0, 1008.2, 0, 0, 1008.2, 0, 0, 0),
	(502, 1, 1, '2020-06-19 06:34:18', 1, 1, 1, 0, 1370.65, 0, 0, 1370.65, 0, 0, 0),
	(503, 1, 1, '2020-06-20 06:29:56', 1, 1, 1, 0, 1287.7, 0, 0, 1287.7, 0, 0, 0),
	(504, 1, 1, '2020-06-20 15:13:22', 1, 1, 1, 0, 36.4, 0, 0, 36.4, 0, 0, 0),
	(505, 1, 1, '2020-06-21 08:02:52', 1, 1, 1, 0, 639.2, 0, 0, 639.2, 0, 0, 0),
	(506, 1, 1, '2020-06-22 06:41:26', 1, 1, 1, 0, 1175.65, 0, 0, 1175.65, 0, 0, 0),
	(507, 1, 1, '2020-06-23 06:34:15', 1, 1, 1, 0, 1055.24, 0, 0, 1055.24, 0, 0, 0),
	(508, 1, 1, '2020-06-24 06:30:41', 1, 1, 1, 0, 1118.93, 0, 0, 1118.93, 0, 0, 0),
	(509, 1, 1, '2020-06-25 06:42:52', 1, 1, 1, 0, 1032.45, 0, 0, 1032.45, 0, 0, 0),
	(510, 1, 1, '2020-06-26 06:38:01', 1, 1, 1, 0, 1255.99, 0, 0, 1255.99, 0, 0, 0),
	(511, 1, 1, '2020-06-27 06:33:24', 1, 1, 1, 0, 1429.94, 0, 0, 1429.94, 0, 0, 0),
	(512, 1, 1, '2020-06-28 08:40:09', 1, 1, 1, 0, 677.75, 0, 0, 677.75, 0, 0, 0),
	(513, 1, 1, '2020-06-29 06:36:15', 1, 1, 1, 0, 1246.3, 0, 0, 1246.3, 0, 0, 0),
	(514, 1, 1, '2020-06-30 06:32:54', 1, 1, 1, 0, 1006.98, 0, 0, 1006.98, 0, 0, 0),
	(515, 1, 1, '2020-07-01 06:24:06', 1, 1, 1, 0, 1149.95, 0, 0, 1149.95, 0, 0, 0),
	(516, 1, 1, '2020-07-02 06:32:06', 1, 1, 1, 0, 1044.5, 0, 0, 1044.5, 0, 0, 0),
	(517, 1, 1, '2020-07-03 06:27:25', 1, 1, 1, 0, 1263.45, 0, 0, 1263.45, 0, 0, 0),
	(518, 1, 1, '2020-07-04 06:35:03', 1, 1, 1, 0, 1021.66, 0, 0, 1021.66, 0, 0, 0),
	(519, 1, 1, '2020-07-05 07:58:52', 1, 1, 1, 0, 688.38, 0, 0, 688.38, 0, 0, 0),
	(520, 1, 1, '2020-07-06 06:18:58', 1, 1, 1, 0, 1292.85, 0, 0, 1292.85, 0, 0, 0),
	(521, 1, 1, '2020-07-07 06:45:07', 1, 1, 1, 0, 964.17, 0, 0, 964.17, 0, 0, 0),
	(522, 1, 1, '2020-07-08 06:34:30', 1, 1, 1, 0, 1170.3, 0, 0, 1170.3, 0, 0, 0),
	(523, 1, 1, '2020-07-09 06:27:26', 1, 1, 1, 0, 943.15, 0, 19.4, 923.75, 0, 0, 0),
	(524, 1, 1, '2020-07-10 06:26:40', 1, 1, 1, 0, 1683.64, 0, 0, 1683.64, 0, 0, 0),
	(525, 1, 1, '2020-07-11 06:49:45', 1, 1, 1, 0, 1174.35, 0, 100.3, 1074.05, 0, 0, 0),
	(526, 1, 1, '2020-07-12 08:57:23', 1, 1, 1, 0, 746.35, 0, 0, 746.35, 0, 0, 0),
	(527, 1, 1, '2020-07-13 06:27:06', 1, 1, 1, 0, 1293.65, 0, 21.85, 1271.8, 0, 0, 0),
	(528, 1, 1, '2020-07-14 08:28:32', 1, 1, 1, 0, 579.25, 0, 0, 579.25, 0, 0, 0),
	(529, 1, 1, '2020-07-15 06:26:35', 1, 1, 1, 0, 1320.81, 0, 0, 1320.81, 0, 0, 0),
	(530, 1, 1, '2020-07-16 06:37:22', 1, 1, 1, 0, 1144.29, 0, 8.5, 1135.79, 0, 0, 0),
	(531, 1, 1, '2020-07-17 06:55:03', 1, 1, 1, 0, 1061.32, 0, 57.7, 1003.62, 0, 0, 0),
	(532, 1, 1, '2020-07-18 06:28:43', 1, 1, 1, 0, 987.5, 0, 95.8, 891.7, 0, 0, 0),
	(533, 1, 1, '2020-07-19 09:08:20', 1, 1, 1, 0, 660.39, 0, 0, 660.39, 0, 0, 0),
	(534, 1, 1, '2020-07-20 06:34:25', 1, 1, 1, 0, 1123.82, 0, 12.5, 1111.32, 0, 0, 0),
	(535, 1, 1, '2020-07-21 06:25:46', 1, 1, 1, 0, 1187.58, 0, 0, 1187.58, 0, 0, 0),
	(536, 1, 1, '2020-07-22 06:35:52', 1, 1, 1, 0, 960.62, 0, 27.3, 933.32, 0, 0, 0),
	(537, 1, 1, '2020-07-23 06:46:15', 1, 1, 1, 0, 1216.03, 0, 0.55, 1215.48, 0, 0, 0),
	(538, 1, 1, '2020-07-24 06:30:26', 1, 1, 1, 0, 1047.48, 0, 12, 1035.48, 0, 0, 0),
	(539, 1, 1, '2020-07-25 06:26:15', 1, 1, 1, 0, 1155.71, 0, 65.15, 1090.56, 0, 0, 0),
	(540, 1, 1, '2020-07-26 08:13:30', 1, 1, 1, 0, 756.2, 0, 0, 756.2, 0, 0, 0),
	(541, 1, 1, '2020-07-27 06:33:41', 1, 1, 1, 0, 2539.29, 0, 17.8, 2521.49, 0, 0, 0),
	(542, 1, 1, '2020-07-28 06:30:12', 1, 1, 1, 0, 1139.31, 0, 24.95, 1114.36, 0, 0, 0),
	(543, 1, 1, '2020-07-29 06:26:20', 1, 1, 1, 0, 1154.05, 0, 4.05, 1150, 0, 0, 0),
	(544, 1, 1, '2020-07-30 06:24:36', 1, 1, 1, 0, 2278.32, 0, 21.05, 2257.27, 0, 0, 0),
	(545, 1, 1, '2020-07-31 06:27:21', 1, 1, 1, 0, 1477.71, 0, 9, 1468.71, 0, 0, 0),
	(546, 1, 1, '2020-08-01 06:31:11', 1, 1, 1, 0, 1068.02, 0, 32.6, 1035.42, 0, 0, 0),
	(547, 1, 1, '2020-08-02 08:13:52', 1, 1, 1, 0, 693.05, 0, 0, 693.05, 0, 0, 0),
	(548, 1, 1, '2020-08-03 06:17:30', 1, 1, 1, 0, 1230.6, 0, 0, 1230.6, 0, 0, 0),
	(549, 1, 1, '2020-08-04 06:23:18', 1, 1, 1, 0, 1165.9, 0, 0, 1165.9, 0, 0, 0),
	(550, 1, 1, '2020-08-05 06:30:53', 1, 1, 1, 0, 1042.07, 0, 0, 1042.07, 0, 0, 0),
	(551, 1, 1, '2020-08-06 06:28:34', 1, 1, 1, 0, 1061.71, 0, 15.6, 1046.11, 0, 0, 0),
	(552, 1, 1, '2020-08-07 06:34:55', 1, 1, 1, 0, 1181.4, 0, 0, 1181.4, 0, 0, 0),
	(553, 1, 1, '2020-08-08 06:26:47', 1, 1, 1, 0, 1233.26, 0, 43.8, 1189.46, 0, 0, 0),
	(554, 1, 1, '2020-08-09 08:51:40', 1, 1, 1, 0, 714.65, 0, 0, 714.65, 0, 0, 0),
	(555, 1, 1, '2020-08-10 06:34:51', 1, 1, 1, 0, 1298.6, 0, 0, 1298.6, 0, 0, 0),
	(556, 1, 1, '2020-08-11 06:21:24', 1, 1, 1, 0, 1003.7, 0, 0, 1003.7, 0, 0, 0),
	(557, 1, 1, '2020-08-12 06:29:55', 1, 1, 1, 0, 1080.13, 0, 5.25, 1074.88, 0, 0, 0),
	(558, 1, 1, '2020-08-13 06:24:59', 1, 1, 1, 0, 940.1, 0, 0, 940.1, 0, 0, 0),
	(559, 1, 1, '2020-08-14 06:31:21', 1, 1, 1, 0, 1403.25, 0, 0, 1403.25, 0, 0, 0),
	(560, 1, 1, '2020-08-15 08:07:01', 1, 1, 1, 0, 995.13, 0, 0, 995.13, 0, 0, 0),
	(561, 1, 1, '2020-08-16 08:02:50', 1, 1, 1, 0, 776.43, 0, 0, 776.43, 0, 0, 0),
	(562, 1, 1, '2020-08-17 06:23:08', 1, 1, 1, 0, 1381.8, 0, 0, 1381.8, 0, 0, 0),
	(563, 1, 1, '2020-08-18 06:26:19', 1, 1, 1, 0, 1065.69, 0, 0, 1065.69, 0, 0, 0),
	(564, 1, 1, '2020-08-19 06:29:31', 1, 1, 1, 0, 1018.99, 0, 0, 1018.99, 0, 0, 0),
	(565, 1, 1, '2020-08-20 06:32:22', 1, 1, 1, 0, 1089.9, 0, 0, 1089.9, 0, 0, 0),
	(566, 1, 1, '2020-08-21 06:26:18', 1, 1, 1, 0, 1114.24, 0, 0, 1114.24, 0, 0, 0),
	(567, 1, 1, '2020-08-22 06:32:27', 1, 1, 1, 0, 1086.32, 0, 0, 1086.32, 0, 0, 0),
	(568, 1, 1, '2020-08-23 08:48:22', 1, 1, 1, 0, 2042.85, 0, 0, 2042.85, 0, 0, 0),
	(569, 1, 1, '2020-08-25 06:24:48', 1, 1, 1, 0, 1040.8, 0, 0, 1040.8, 0, 0, 0),
	(570, 1, 1, '2020-08-26 06:22:00', 1, 1, 1, 0, 1123.39, 0, 0, 1123.39, 0, 0, 0),
	(571, 1, 1, '2020-08-27 06:24:59', 1, 1, 1, 0, 1046.1, 0, 0, 1046.1, 0, 0, 0),
	(572, 1, 1, '2020-08-28 06:25:17', 1, 1, 1, 0, 1298.02, 0, 0, 1298.02, 0, 0, 0),
	(573, 1, 1, '2020-08-29 06:33:41', 1, 1, 1, 0, 1274.34, 0, 0, 1274.34, 0, 0, 0),
	(574, 1, 1, '2020-08-30 08:40:06', 1, 1, 1, 0, 789.15, 0, 0, 789.15, 0, 0, 0),
	(575, 1, 1, '2020-08-31 06:25:10', 1, 1, 1, 0, 1278.58, 0, 9.85, 1268.73, 0, 0, 0),
	(576, 1, 1, '2020-09-01 06:22:00', 1, 1, 1, 0, 1125.94, 0, 0, 1125.94, 0, 0, 0),
	(577, 1, 1, '2020-09-02 06:31:03', 1, 1, 1, 0, 948.37, 0, 0, 948.37, 0, 0, 0),
	(578, 1, 1, '2020-09-03 06:19:44', 1, 1, 1, 0, 1265.26, 0, 0, 1265.26, 0, 0, 0),
	(579, 1, 1, '2020-09-04 06:38:38', 1, 1, 1, 0, 1208.9, 0, 0, 1208.9, 0, 0, 0),
	(580, 1, 1, '2020-09-05 06:29:32', 1, 1, 1, 0, 977.16, 0, 0, 977.16, 0, 0, 0),
	(581, 1, 1, '2020-09-06 08:55:20', 1, 1, 1, 0, 742.45, 0, 0, 742.45, 0, 0, 0),
	(582, 1, 1, '2020-09-07 08:07:17', 1, 1, 1, 0, 687.95, 0, 0, 687.95, 0, 0, 0),
	(583, 1, 1, '2020-09-08 06:32:33', 1, 1, 1, 0, 1632.75, 0, 0, 1632.75, 0, 0, 0),
	(584, 1, 1, '2020-09-09 06:34:49', 1, 1, 1, 0, 1290.15, 0, 0, 1290.15, 0, 0, 0),
	(585, 1, 1, '2020-09-10 06:23:55', 1, 1, 1, 0, 744.1, 0, 0, 744.1, 0, 0, 0),
	(586, 1, 1, '2020-09-11 06:34:51', 1, 1, 1, 0, 1587.79, 0, 0, 1587.79, 0, 0, 0),
	(587, 1, 1, '2020-09-12 06:29:26', 1, 1, 1, 0, 1391.85, 0, 0, 1391.85, 0, 0, 0),
	(588, 1, 1, '2020-09-13 08:25:59', 1, 1, 1, 0, 821.69, 0, 0, 821.69, 0, 0, 0),
	(589, 1, 1, '2020-09-14 06:31:28', 1, 1, 1, 0, 1544.96, 0, 0, 1544.96, 0, 0, 0),
	(590, 1, 1, '2020-09-15 06:27:05', 1, 1, 1, 0, 1050.82, 0, 0, 1050.82, 0, 0, 0),
	(591, 1, 1, '2020-09-16 06:22:59', 1, 1, 1, 0, 1193.94, 0, 0, 1193.94, 0, 0, 0),
	(592, 1, 1, '2020-09-17 06:30:37', 1, 1, 1, 0, 1148.91, 0, 0, 1148.91, 0, 0, 0),
	(593, 1, 1, '2020-09-18 06:28:32', 1, 1, 1, 0, 1504.5, 0, 0, 1504.5, 0, 0, 0),
	(594, 1, 1, '2020-09-19 06:48:15', 1, 1, 1, 0, 1499.35, 0, 0, 1499.35, 0, 0, 0),
	(595, 1, 1, '2020-09-20 07:58:38', 1, 1, 1, 0, 708.05, 0, 0, 708.05, 0, 0, 0),
	(596, 1, 1, '2020-09-21 06:41:01', 1, 1, 1, 0, 1649.53, 0, 0, 1649.53, 0, 0, 0),
	(597, 1, 1, '2020-09-22 06:37:46', 1, 1, 1, 0, 1090.08, 0, 0, 1090.08, 0, 0, 0),
	(598, 1, 1, '2020-09-23 06:34:08', 1, 1, 1, 0, 1338.49, 0, 0, 1338.49, 0, 0, 0),
	(599, 1, 1, '2020-09-24 06:20:05', 1, 1, 1, 0, 1608.51, 0, 0, 1608.51, 0, 0, 0),
	(600, 1, 1, '2020-09-25 06:40:28', 1, 1, 1, 0, 1527.29, 0, 0, 1527.29, 0, 0, 0),
	(601, 1, 1, '2020-09-26 06:54:36', 1, 1, 1, 0, 1480.71, 0, 0, 1480.71, 0, 0, 0),
	(602, 1, 1, '2020-09-27 08:01:50', 1, 1, 1, 0, 734.29, 0, 0, 734.29, 0, 0, 0),
	(603, 1, 1, '2020-09-28 06:37:23', 1, 1, 1, 0, 1654.93, 0, 15, 1639.93, 0, 0, 0),
	(604, 1, 1, '2020-09-29 06:30:53', 1, 1, 1, 0, 1353.19, 0, 8, 1345.19, 0, 0, 0),
	(605, 1, 1, '2020-09-30 06:33:32', 1, 1, 1, 0, 1354.54, 0, 0, 1354.54, 0, 0, 0),
	(606, 1, 1, '2020-10-01 06:29:58', 1, 1, 1, 0, 1433.53, 0, 0, 1433.53, 0, 0, 0),
	(607, 1, 1, '2020-10-02 06:42:42', 1, 1, 1, 0, 1754.74, 0, 0, 1754.74, 0, 0, 0),
	(608, 1, 1, '2020-10-03 06:30:00', 1, 1, 1, 0, 1384.85, 0, 42.95, 1341.9, 0, 0, 0),
	(609, 1, 1, '2020-10-04 08:56:34', 1, 1, 1, 0, 839, 0, 0, 839, 0, 0, 0),
	(610, 1, 1, '2020-10-05 06:32:15', 1, 1, 1, 0, 1847.05, 0, 23.8, 1823.25, 0, 0, 0),
	(611, 1, 1, '2020-10-06 06:43:46', 1, 1, 1, 0, 1551.64, 0, 0, 1551.64, 0, 0, 0),
	(612, 1, 1, '2020-10-07 06:53:26', 1, 1, 1, 0, 1609.95, 0, 0, 1609.95, 0, 0, 0),
	(613, 1, 1, '2020-10-08 06:33:47', 1, 1, 1, 0, 1594.25, 0, 0, 1594.25, 0, 0, 0),
	(614, 1, 1, '2020-10-09 06:25:55', 1, 1, 1, 0, 1674.42, 0, 0, 1674.42, 0, 0, 0),
	(615, 1, 1, '2020-10-10 06:52:07', 1, 1, 1, 0, 1679.5, 0, 16.9, 1662.6, 0, 0, 0),
	(616, 1, 1, '2020-10-11 08:36:23', 1, 1, 1, 0, 1121.75, 0, 0, 1121.75, 0, 0, 0),
	(617, 1, 1, '2020-10-12 08:07:02', 1, 1, 1, 0, 832.79, 0, 0, 832.79, 0, 0, 0),
	(618, 1, 1, '2020-10-13 06:38:51', 1, 1, 1, 0, 2075.61, 0, 0, 2075.61, 0, 0, 0),
	(619, 1, 1, '2020-10-14 06:29:50', 1, 1, 1, 0, 1594.15, 0, 0, 1594.15, 0, 0, 0),
	(620, 1, 1, '2020-10-15 06:34:36', 1, 1, 1, 0, 1646.68, 0, 0, 1646.68, 0, 0, 0),
	(621, 1, 1, '2020-10-16 06:37:08', 1, 1, 1, 0, 1617.5, 0, 0, 1617.5, 0, 0, 0),
	(622, 1, 1, '2020-10-17 06:42:47', 1, 1, 1, 0, 1441.51, 0, 0, 1441.51, 0, 0, 0),
	(623, 1, 1, '2020-10-17 15:40:07', 1, 1, 1, 0, 40, 0, 0, 40, 0, 0, 0),
	(624, 1, 1, '2020-10-18 08:47:37', 1, 1, 1, 0, 729.15, 0, 0, 729.15, 0, 0, 0),
	(625, 1, 1, '2020-10-19 06:31:51', 1, 1, 1, 0, 1965.44, 0, 0, 1965.44, 0, 0, 0),
	(626, 1, 1, '2020-10-20 06:35:24', 1, 1, 1, 0, 1872.89, 0, 10.2, 1862.69, 0, 0, 0),
	(627, 1, 1, '2020-10-21 06:31:10', 1, 1, 1, 0, 1531.5, 0, 0, 1531.5, 0, 0, 0),
	(628, 1, 1, '2020-10-22 06:35:46', 1, 1, 1, 0, 1693.09, 0, 0, 1693.09, 0, 0, 0),
	(629, 1, 1, '2020-10-23 06:35:14', 1, 1, 1, 0, 1944.59, 0, 0, 1944.59, 0, 0, 0),
	(630, 1, 1, '2020-10-24 07:06:18', 1, 1, 1, 0, 1556.79, 0, 0, 1556.79, 0, 0, 0),
	(631, 1, 1, '2020-10-25 08:09:18', 1, 1, 1, 0, 852.75, 0, 0, 852.75, 0, 0, 0),
	(632, 1, 1, '2020-10-26 06:25:11', 1, 1, 1, 0, 2136.64, 0, 0, 2136.64, 0, 0, 0),
	(633, 1, 1, '2020-10-27 06:25:55', 1, 1, 1, 0, 1399.16, 0, 0, 1399.16, 0, 0, 0),
	(634, 1, 1, '2020-10-28 06:21:47', 1, 1, 1, 0, 1685.9, 0, 0, 1685.9, 0, 0, 0),
	(635, 1, 1, '2020-10-29 06:27:20', 1, 1, 1, 0, 1846.61, 0, 0, 1846.61, 0, 0, 0),
	(636, 1, 1, '2020-10-30 06:30:45', 1, 1, 1, 0, 2020.36, 0, 0, 2020.36, 0, 0, 0),
	(637, 1, 1, '2020-10-31 06:27:57', 1, 1, 1, 0, 1549.05, 0, 0, 1549.05, 0, 0, 0),
	(638, 1, 1, '2020-11-01 08:27:54', 1, 1, 1, 0, 731.1, 0, 0, 731.1, 0, 0, 0),
	(639, 1, 1, '2020-11-02 07:49:05', 1, 1, 1, 0, 666.53, 0, 0, 666.53, 0, 0, 0),
	(640, 1, 1, '2020-11-03 06:28:03', 1, 1, 1, 0, 2111.3, 0, 0, 2111.3, 0, 0, 0),
	(641, 1, 1, '2020-11-04 06:44:55', 1, 1, 1, 0, 1768.24, 0, 0, 1768.24, 0, 0, 0),
	(642, 1, 1, '2020-11-05 06:29:13', 1, 1, 1, 0, 1639.5, 0, 0, 1639.5, 0, 0, 0),
	(643, 1, 1, '2020-11-06 06:26:04', 1, 1, 1, 0, 1842.43, 0, 0, 1842.43, 0, 0, 0),
	(644, 1, 1, '2020-11-07 06:45:19', 1, 1, 1, 0, 952.45, 0, 0, 952.45, 0, 0, 0),
	(645, 1, 1, '2020-11-08 07:58:23', 1, 1, 1, 0, 667.62, 0, 0, 667.62, 0, 0, 0),
	(646, 1, 1, '2020-11-09 06:27:21', 1, 1, 1, 0, 2002.11, 0, 0, 2002.11, 0, 0, 0),
	(647, 1, 1, '2020-11-10 06:26:02', 1, 1, 1, 0, 1559.24, 0, 0, 1559.24, 0, 0, 0),
	(648, 1, 1, '2020-11-11 06:39:31', 1, 1, 1, 0, 1688.6, 0, 0, 1688.6, 0, 0, 0),
	(649, 1, 1, '2020-11-12 06:29:46', 1, 1, 1, 0, 1708.6, 0, 0, 1708.6, 0, 0, 0),
	(650, 1, 1, '2020-11-13 06:21:22', 1, 1, 1, 0, 1800.12, 0, 0, 1800.12, 0, 0, 0),
	(651, 1, 1, '2020-11-14 06:26:40', 1, 1, 1, 0, 1221.33, 0, 0, 1221.33, 0, 0, 0),
	(652, 1, 1, '2020-11-15 08:14:22', 1, 1, 1, 0, 732.37, 0, 0, 732.37, 0, 0, 0),
	(653, 1, 1, '2020-11-16 06:26:13', 1, 1, 1, 0, 2052.85, 0, 0, 2052.85, 0, 0, 0),
	(654, 1, 1, '2020-11-17 06:22:57', 1, 1, 1, 0, 1550.62, 0, 0, 1550.62, 0, 0, 0),
	(655, 1, 1, '2020-11-18 06:42:06', 1, 1, 1, 0, 1635.9, 0, 0, 1635.9, 0, 0, 0),
	(656, 1, 1, '2020-11-19 06:24:26', 1, 1, 1, 0, 1493.25, 0, 0, 1493.25, 0, 0, 0),
	(657, 1, 1, '2020-11-20 06:44:30', 1, 1, 1, 0, 872.79, 0, 0, 872.79, 0, 0, 0),
	(658, 1, 1, '2020-11-21 06:27:50', 1, 1, 1, 0, 1836.2, 0, 0, 1836.2, 0, 0, 0),
	(659, 1, 1, '2020-11-22 08:20:33', 1, 1, 1, 0, 692.6, 0, 0, 692.6, 0, 0, 0),
	(660, 1, 1, '2020-11-23 06:27:56', 1, 1, 1, 0, 2314.65, 0, 0, 2314.65, 0, 0, 0),
	(661, 1, 1, '2020-11-24 06:27:59', 1, 1, 1, 0, 1735.35, 0, 0, 1735.35, 0, 0, 0),
	(662, 1, 1, '2020-11-25 06:32:04', 1, 1, 1, 0, 1779.05, 0, 0, 1779.05, 0, 0, 0),
	(663, 1, 1, '2020-11-26 06:27:25', 1, 1, 1, 0, 1657.3, 0, 0, 1657.3, 0, 0, 0),
	(664, 1, 1, '2020-11-27 06:39:54', 1, 1, 1, 0, 1654.59, 0, 0, 1654.59, 0, 0, 0),
	(665, 1, 1, '2020-11-28 06:26:02', 1, 1, 1, 0, 1142.55, 0, 0, 1142.55, 0, 0, 0),
	(666, 1, 1, '2020-11-29 07:26:20', 1, 1, 1, 0, 712.8, 0, 0, 712.8, 0, 0, 0),
	(667, 1, 1, '2020-11-30 06:30:32', 1, 1, 1, 0, 2132.7, 0, 0, 2132.7, 0, 0, 0),
	(668, 1, 1, '2020-12-01 06:35:38', 1, 1, 1, 0, 1634.95, 0, 0, 1634.95, 0, 0, 0),
	(669, 1, 1, '2020-12-02 06:25:45', 1, 1, 1, 0, 1616.18, 0, 0, 1616.18, 0, 0, 0),
	(670, 1, 1, '2020-12-03 06:34:35', 1, 1, 1, 0, 1762.9, 0, 0, 1762.9, 0, 0, 0),
	(671, 1, 1, '2020-12-04 06:24:04', 1, 1, 1, 0, 1861.79, 0, 0, 1861.79, 0, 0, 0),
	(672, 1, 1, '2020-12-05 06:52:04', 1, 1, 1, 0, 1593.25, 0, 0, 1593.25, 0, 0, 0),
	(673, 1, 1, '2020-12-06 08:32:21', 1, 1, 1, 0, 884.75, 0, 0, 884.75, 0, 0, 0),
	(674, 1, 1, '2020-12-07 06:26:25', 1, 1, 1, 0, 1047.79, 0, 0, 1047.79, 0, 0, 0),
	(675, 1, 1, '2020-12-07 16:06:52', 1, 1, 1, 0, 786.6, 0, 0, 786.6, 0, 0, 0),
	(676, 1, 1, '2020-12-09 06:29:03', 1, 1, 1, 0, 2206.7, 0, 0, 2206.7, 0, 0, 0),
	(677, 1, 1, '2020-12-10 06:26:02', 1, 1, 1, 0, 1774.7, 0, 0, 1774.7, 0, 0, 0),
	(678, 1, 1, '2020-12-11 06:25:00', 1, 1, 1, 0, 1686.91, 0, 0, 1686.91, 0, 0, 0),
	(679, 1, 1, '2020-12-12 06:24:09', 1, 1, 1, 0, 1155.11, 0, 0, 1155.11, 0, 0, 0),
	(680, 1, 1, '2020-12-13 08:14:11', 1, 1, 1, 0, 745.83, 0, 0, 745.83, 0, 0, 0),
	(681, 1, 1, '2020-12-13 14:53:06', 1, 1, 1, 0, 4.55, 0, 0, 4.55, 0, 0, 0),
	(682, 1, 1, '2020-12-14 06:31:00', 1, 1, 1, 0, 2147.18, 0, 0, 2147.18, 0, 0, 0),
	(683, 1, 1, '2020-12-15 06:23:06', 1, 1, 1, 0, 1621.2, 0, 0, 1621.2, 0, 0, 0),
	(684, 1, 1, '2020-12-16 06:29:08', 1, 1, 1, 0, 1811.94, 0, 0, 1811.94, 0, 0, 0),
	(685, 1, 1, '2020-12-17 06:19:38', 1, 1, 1, 0, 1739.7, 0, 0, 1739.7, 0, 0, 0),
	(686, 1, 1, '2020-12-18 06:30:22', 1, 1, 1, 0, 1829.9, 0, 0, 1829.9, 0, 0, 0),
	(687, 1, 1, '2020-12-19 06:30:24', 1, 1, 1, 0, 1378.32, 0, 0, 1378.32, 0, 0, 0),
	(688, 1, 1, '2020-12-20 08:57:56', 1, 1, 1, 0, 775.05, 0, 0, 775.05, 0, 0, 0),
	(689, 1, 1, '2020-12-21 06:37:03', 1, 1, 1, 0, 2005.77, 0, 0, 2005.77, 0, 0, 0),
	(690, 1, 1, '2020-12-22 06:41:53', 1, 1, 1, 0, 1820.85, 0, 0, 1820.85, 0, 0, 0),
	(691, 1, 1, '2020-12-23 06:44:13', 1, 1, 1, 0, 1825.31, 0, 0, 1825.31, 0, 0, 0),
	(692, 1, 1, '2020-12-24 06:23:01', 1, 1, 1, 0, 1776.79, 0, 0, 1776.79, 0, 0, 0),
	(693, 1, 1, '2020-12-25 12:56:05', 1, 1, 1, 0, 21.2, 0, 0, 21.2, 0, 0, 0),
	(694, 1, 1, '2020-12-26 06:23:14', 1, 1, 1, 0, 1044.25, 0, 0, 1044.25, 0, 0, 0),
	(695, 1, 1, '2020-12-27 07:49:03', 1, 1, 1, 0, 774.28, 0, 0, 774.28, 0, 0, 0),
	(696, 1, 1, '2020-12-28 06:40:55', 1, 1, 1, 0, 2254.95, 0, 0, 2254.95, 0, 0, 0),
	(697, 1, 1, '2020-12-29 06:44:49', 1, 1, 1, 0, 1795.2, 0, 0, 1795.2, 0, 0, 0),
	(698, 1, 1, '2020-12-30 06:37:10', 1, 1, 1, 0, 1869.03, 0, 6.8, 1862.23, 0, 0, 0),
	(699, 1, 1, '2020-12-31 06:27:02', 1, 1, 1, 0, 2308.91, 0, 8.45, 2300.46, 0, 0, 0),
	(700, 1, 1, '2020-12-31 19:24:06', 1, 1, 1, 0, 33.35, 0, 0, 33.35, 0, 0, 0),
	(701, 1, 1, '2021-01-02 06:44:05', 1, 1, 1, 0, 1073.26, 0, 0, 1073.26, 0, 0, 0),
	(702, 1, 1, '2021-01-03 08:02:16', 1, 1, 1, 0, 732.8, 0, 0, 732.8, 0, 0, 0),
	(703, 1, 1, '2021-01-04 06:20:37', 1, 1, 1, 0, 2297.92, 0, 0, 2297.92, 0, 0, 0),
	(704, 1, 1, '2021-01-05 06:26:59', 1, 1, 1, 0, 2817.1, 0, 0, 2817.1, 0, 0, 0),
	(705, 1, 1, '2021-01-06 08:43:33', 1, 1, 1, 0, 713, 0, 0, 713, 0, 0, 0),
	(706, 1, 1, '2021-01-07 06:26:50', 1, 1, 1, 0, 1316.05, 0, 0, 1316.05, 0, 0, 0),
	(707, 1, 1, '2021-01-08 06:28:54', 1, 1, 1, 0, 1802.17, 0, 0, 1802.17, 0, 0, 0),
	(708, 1, 1, '2021-01-09 06:27:22', 1, 1, 1, 0, 1055.3, 0, 4.3, 1051, 0, 0, 0),
	(709, 1, 1, '2021-01-10 08:51:29', 1, 1, 1, 0, 619.89, 0, 0, 619.89, 0, 0, 0),
	(710, 1, 1, '2021-01-11 06:38:49', 1, 1, 1, 0, 1958.29, 0, 0, 1958.29, 0, 0, 0),
	(711, 1, 1, '2021-01-12 06:29:16', 1, 1, 1, 0, 1497.96, 0, 0, 1497.96, 0, 0, 0),
	(712, 1, 1, '2021-01-13 06:26:56', 1, 1, 1, 0, 1409.95, 0, 0, 1409.95, 0, 0, 0),
	(713, 1, 1, '2021-01-14 06:37:52', 1, 1, 1, 0, 1458.2, 0, 0, 1458.2, 0, 0, 0),
	(714, 1, 1, '2021-01-15 06:30:01', 1, 1, 1, 0, 1645.77, 0, 0, 1645.77, 0, 0, 0),
	(715, 1, 1, '2021-01-16 06:31:01', 1, 1, 1, 0, 1059.3, 0, 0, 1059.3, 0, 0, 0),
	(716, 1, 1, '2021-01-16 15:45:48', 1, 1, 1, 0, 25.15, 0, 0, 25.15, 0, 0, 0),
	(717, 1, 1, '2021-01-17 08:28:54', 1, 1, 1, 0, 902.05, 0, 0, 902.05, 0, 0, 0),
	(718, 1, 1, '2021-01-18 06:28:06', 1, 1, 1, 0, 1885.37, 0, 0, 1885.37, 0, 0, 0),
	(719, 1, 1, '2021-01-19 06:29:08', 1, 1, 1, 0, 1185.16, 0, 0, 1185.16, 0, 0, 0),
	(720, 1, 1, '2021-01-20 06:40:51', 1, 1, 1, 0, 1719.84, 0, 0, 1719.84, 0, 0, 0),
	(721, 1, 1, '2021-01-21 06:31:45', 1, 1, 1, 0, 1551.07, 0, 0, 1551.07, 0, 0, 0),
	(722, 1, 1, '2021-01-22 06:27:44', 1, 1, 1, 0, 1778.09, 0, 0, 1778.09, 0, 0, 0),
	(723, 1, 1, '2021-01-23 06:58:24', 1, 1, 1, 0, 1191.41, 0, 0, 1191.41, 0, 0, 0),
	(724, 1, 1, '2021-01-24 08:55:27', 1, 1, 1, 0, 801.25, 0, 0, 801.25, 0, 0, 0),
	(725, 1, 1, '2021-01-25 06:49:47', 1, 1, 1, 0, 2069.6, 0, 0, 2069.6, 0, 0, 0),
	(726, 1, 1, '2021-01-26 06:41:10', 1, 1, 1, 0, 1466.81, 0, 0, 1466.81, 0, 0, 0),
	(727, 1, 1, '2021-01-27 06:29:10', 1, 1, 1, 0, 1438.95, 0, 0, 1438.95, 0, 0, 0),
	(728, 1, 1, '2021-01-28 06:31:29', 1, 1, 1, 0, 1425.58, 0, 0, 1425.58, 0, 0, 0),
	(729, 1, 1, '2021-01-29 06:32:03', 1, 1, 1, 0, 1792.53, 0, 0, 1792.53, 0, 0, 0),
	(730, 1, 1, '2021-01-30 06:30:22', 1, 1, 1, 0, 1202.76, 0, 0, 1202.76, 0, 0, 0),
	(731, 1, 1, '2021-01-31 08:28:40', 1, 1, 1, 0, 829.68, 0, 0, 829.68, 0, 0, 0),
	(732, 1, 1, '2021-02-01 06:31:55', 1, 1, 1, 0, 2133.41, 0, 0, 2133.41, 0, 0, 0),
	(733, 1, 1, '2021-02-02 06:46:36', 1, 1, 1, 0, 1561.75, 0, 6.95, 1554.8, 0, 0, 0),
	(734, 1, 1, '2021-02-03 06:31:44', 1, 1, 1, 0, 1474.25, 0, 0, 1474.25, 0, 0, 0),
	(735, 1, 1, '2021-02-04 06:28:36', 1, 1, 1, 0, 1531.11, 0, 0, 1531.11, 0, 0, 0),
	(736, 1, 1, '2021-02-05 06:28:39', 1, 1, 1, 0, 1581.88, 0, 0, 1581.88, 0, 0, 0),
	(737, 1, 1, '2021-02-06 06:29:06', 1, 1, 1, 0, 1825.88, 0, 36.95, 1788.93, 0, 0, 0),
	(738, 1, 1, '2021-02-07 07:21:17', 1, 1, 1, 0, 761.36, 0, 0, 761.36, 0, 0, 0),
	(739, 1, 1, '2021-02-08 06:29:03', 1, 1, 1, 0, 1981.45, 0, 0, 1981.45, 0, 0, 0),
	(740, 1, 1, '2021-02-09 06:20:46', 1, 1, 1, 0, 1521.45, 0, 0, 1521.45, 0, 0, 0),
	(741, 1, 1, '2021-02-10 06:30:03', 1, 1, 1, 0, 1591.88, 0, 0, 1591.88, 0, 0, 0),
	(742, 1, 1, '2021-02-11 06:25:24', 1, 1, 1, 0, 1611.06, 0, 0, 1611.06, 0, 0, 0),
	(743, 1, 1, '2021-02-12 06:25:39', 1, 1, 1, 0, 1764.57, 0, 0, 1764.57, 0, 0, 0),
	(744, 1, 1, '2021-02-13 06:15:57', 1, 1, 1, 0, 1035.32, 0, 12.15, 1023.17, 0, 0, 0),
	(745, 1, 1, '2021-02-14 08:38:40', 1, 1, 1, 0, 684.1, 0, 0, 684.1, 0, 0, 0),
	(746, 1, 1, '2021-02-15 06:29:06', 1, 1, 1, 0, 1784.4, 0, 0, 1784.4, 0, 0, 0),
	(747, 1, 1, '2021-02-16 06:21:40', 1, 1, 1, 0, 1467.73, 0, 0, 1467.73, 0, 0, 0),
	(748, 1, 1, '2021-02-17 06:31:03', 1, 1, 1, 0, 1631.77, 0, 0, 1631.77, 0, 0, 0),
	(749, 1, 1, '2021-02-18 06:16:53', 1, 1, 1, 0, 1565.4, 0, 0, 1565.4, 0, 0, 0),
	(750, 1, 1, '2021-02-19 06:29:19', 1, 1, 1, 0, 1979.27, 0, 0, 1979.27, 0, 0, 0),
	(751, 1, 1, '2021-02-20 06:40:10', 1, 1, 1, 0, 1082.07, 0, 5.55, 1076.52, 0, 0, 0),
	(752, 1, 1, '2021-02-21 08:30:36', 1, 1, 1, 0, 1015.4, 0, 0, 1015.4, 0, 0, 0),
	(753, 1, 1, '2021-02-22 06:26:16', 1, 1, 1, 0, 1974.3, 0, 0, 1974.3, 0, 0, 0),
	(754, 1, 1, '2021-02-23 06:40:11', 1, 1, 1, 0, 1811.1, 0, 0, 1811.1, 0, 0, 0),
	(755, 1, 1, '2021-02-24 06:23:15', 1, 1, 1, 0, 1479.3, 0, 0, 1479.3, 0, 0, 0),
	(756, 1, 1, '2021-02-25 06:27:41', 1, 1, 1, 0, 1901.1, 0, 0, 1901.1, 0, 0, 0),
	(757, 1, 1, '2021-02-26 06:24:58', 1, 1, 1, 0, 1542.35, 0, 0, 1542.35, 0, 0, 0),
	(758, 1, 1, '2021-02-27 06:32:35', 1, 1, 1, 0, 1206.49, 0, 0, 1206.49, 0, 0, 0),
	(759, 1, 1, '2021-02-28 08:07:59', 1, 1, 1, 0, 998.59, 0, 0, 998.59, 0, 0, 0),
	(760, 1, 1, '2021-03-01 08:41:23', 1, 1, 1, 0, 859.92, 0, 0, 859.92, 0, 0, 0),
	(761, 1, 1, '2021-03-02 06:25:43', 1, 1, 1, 0, 862.43, 0, 0, 862.43, 0, 0, 0),
	(762, 1, 1, '2021-03-03 06:28:06', 1, 1, 1, 0, 2193.68, 0, 3.35, 2190.33, 0, 0, 0),
	(763, 1, 1, '2021-03-04 06:29:49', 1, 1, 1, 0, 1598.75, 0, 0, 1598.75, 0, 0, 0),
	(764, 1, 1, '2021-03-05 06:30:14', 1, 1, 1, 0, 1796.32, 0, 0, 1796.32, 0, 0, 0),
	(765, 1, 1, '2021-03-06 06:35:56', 1, 1, 1, 0, 1227.37, 0, 0, 1227.37, 0, 0, 0),
	(766, 1, 1, '2021-03-07 07:28:35', 1, 1, 1, 0, 985.04, 0, 0, 985.04, 0, 0, 0),
	(767, 1, 1, '2021-03-08 06:25:11', 1, 1, 1, 0, 2080.75, 0, 0, 2080.75, 0, 0, 0),
	(768, 1, 1, '2021-03-09 06:26:45', 1, 1, 1, 0, 1759.36, 0, 0, 1759.36, 0, 0, 0),
	(769, 1, 1, '2021-03-10 06:32:14', 1, 1, 1, 0, 1614.3, 0, 0, 1614.3, 0, 0, 0),
	(770, 1, 1, '2021-03-11 06:27:33', 1, 1, 1, 0, 1787.89, 0, 0, 1787.89, 0, 0, 0),
	(771, 1, 1, '2021-03-12 06:32:26', 1, 1, 1, 0, 2055.71, 0, 0, 2055.71, 0, 0, 0),
	(772, 1, 1, '2021-03-13 06:25:15', 1, 1, 1, 0, 1328.69, 0, 0, 1328.69, 0, 0, 0),
	(773, 1, 1, '2021-03-14 08:06:05', 1, 1, 1, 0, 922.66, 0, 0, 922.66, 0, 0, 0),
	(774, 1, 1, '2021-03-15 06:25:33', 1, 1, 1, 0, 2025.1, 0, 0, 2025.1, 0, 0, 0),
	(775, 1, 1, '2021-03-16 06:23:42', 1, 1, 1, 0, 1747.81, 0, 0, 1747.81, 0, 0, 0),
	(776, 1, 1, '2021-03-17 06:28:07', 1, 1, 1, 0, 1675.89, 0, 0, 1675.89, 0, 0, 0),
	(777, 1, 1, '2021-03-18 06:26:45', 1, 1, 1, 0, 1646.43, 0, 0, 1646.43, 0, 0, 0),
	(778, 1, 1, '2021-03-19 06:34:44', 1, 1, 1, 0, 2297.46, 0, 0, 2297.46, 0, 0, 0),
	(779, 1, 1, '2021-03-20 06:27:04', 1, 1, 1, 0, 1270.6, 0, 0, 1270.6, 0, 0, 0),
	(780, 1, 1, '2021-03-21 08:41:24', 1, 1, 1, 0, 1213.95, 0, 0, 1213.95, 0, 0, 0),
	(781, 1, 1, '2021-03-22 06:39:54', 1, 1, 1, 0, 1858, 0, 0, 1858, 0, 0, 0),
	(782, 1, 1, '2021-03-23 06:27:39', 1, 1, 1, 0, 1989.44, 0, 0, 1989.44, 0, 0, 0),
	(783, 1, 1, '2021-03-24 06:30:47', 1, 1, 1, 0, 1710.15, 0, 0, 1710.15, 0, 0, 0),
	(784, 1, 1, '2021-03-25 06:20:25', 1, 1, 1, 0, 1830.33, 0, 0, 1830.33, 0, 0, 0),
	(785, 1, 1, '2021-03-26 06:29:24', 1, 1, 1, 0, 2218.4, 0, 0, 2218.4, 0, 0, 0),
	(786, 1, 1, '2021-03-27 06:27:20', 1, 1, 1, 0, 1462.91, 0, 0, 1462.91, 0, 0, 0),
	(787, 1, 1, '2021-03-27 15:35:47', 1, 1, 1, 0, 12.05, 0, 0, 12.05, 0, 0, 0),
	(788, 1, 1, '2021-03-28 08:40:20', 1, 1, 1, 0, 746.67, 0, 0, 746.67, 0, 0, 0),
	(789, 1, 1, '2021-03-29 06:24:02', 1, 1, 1, 0, 2463.27, 0, 0, 2463.27, 0, 0, 0),
	(790, 1, 1, '2021-03-30 06:41:39', 1, 1, 1, 0, 2169.69, 0, 0, 2169.69, 0, 0, 0),
	(791, 1, 1, '2021-03-31 06:34:44', 1, 1, 1, 0, 2304.75, 0, 0, 2304.75, 0, 0, 0),
	(792, 1, 1, '2021-04-01 07:51:27', 1, 1, 1, 0, 1347.04, 0, 0, 1347.04, 0, 0, 0),
	(793, 1, 1, '2021-04-03 06:24:24', 1, 1, 1, 0, 1166.57, 0, 13.8, 1152.77, 0, 0, 0),
	(794, 1, 1, '2021-04-04 08:21:20', 1, 1, 1, 0, 857.5, 0, 0, 857.5, 0, 0, 0),
	(795, 1, 1, '2021-04-05 06:26:11', 1, 1, 1, 0, 1804.4, 0, 7.2, 1797.2, 0, 0, 0),
	(796, 1, 1, '2021-04-06 06:25:35', 1, 1, 1, 0, 1138.61, 0, 0, 1138.61, 0, 0, 0),
	(797, 1, 1, '2021-04-07 06:23:58', 1, 1, 1, 0, 1412.39, 0, 0, 1412.39, 0, 0, 0),
	(798, 1, 1, '2021-04-08 06:26:36', 1, 1, 1, 0, 1288.93, 0, 0, 1288.93, 0, 0, 0),
	(799, 1, 1, '2021-04-09 06:26:08', 1, 1, 1, 0, 1448.52, 0, 0, 1448.52, 0, 0, 0),
	(800, 1, 1, '2021-04-10 06:32:14', 1, 1, 1, 0, 1111.97, 0, 0, 1111.97, 0, 0, 0),
	(801, 1, 1, '2021-04-11 08:44:29', 1, 1, 1, 0, 823.4, 0, 0, 823.4, 0, 0, 0),
	(802, 1, 1, '2021-04-12 06:28:54', 1, 1, 1, 0, 1750.9, 0, 0, 1750.9, 0, 0, 0),
	(803, 1, 1, '2021-04-13 06:16:23', 1, 1, 1, 0, 1128.1, 0, 0, 1128.1, 0, 0, 0),
	(804, 1, 1, '2021-04-14 06:23:07', 1, 1, 0, 0, 523.53, 0, 0, 523.53, 0, 0, 0);
/*!40000 ALTER TABLE `cajas` ENABLE KEYS */;

-- Volcando estructura para tabla ids_tpv.clientes
CREATE TABLE IF NOT EXISTS `clientes` (
  `CLI_ID` int(11) NOT NULL AUTO_INCREMENT,
  `CLI_NOM` varchar(50) DEFAULT NULL,
  `CLI_DIR` varchar(50) DEFAULT NULL,
  `CLI_CP` varchar(10) DEFAULT NULL,
  `CLI_POB` varchar(50) DEFAULT NULL,
  `CLI_PROV` varchar(40) DEFAULT NULL,
  `CLI_PAIS` varchar(30) DEFAULT NULL,
  `CLI_TLF1` varchar(12) DEFAULT NULL,
  `CLI_TLF2` varchar(12) DEFAULT NULL,
  `CLI_FAX` varchar(12) DEFAULT NULL,
  `CLI_CIF` varchar(15) DEFAULT NULL,
  `CLI_GER` varchar(50) DEFAULT NULL,
  `CLI_WEB` varchar(50) DEFAULT NULL,
  `CLI_EMAIL` varchar(50) DEFAULT NULL,
  `CLI_REGIMEN` int(11) DEFAULT 1,
  PRIMARY KEY (`CLI_ID`)
) ENGINE=InnoDB AUTO_INCREMENT=2 DEFAULT CHARSET=latin1;

-- Volcando datos para la tabla ids_tpv.clientes: ~0 rows (aproximadamente)
DELETE FROM `clientes`;
/*!40000 ALTER TABLE `clientes` DISABLE KEYS */;
INSERT INTO `clientes` (`CLI_ID`, `CLI_NOM`, `CLI_DIR`, `CLI_CP`, `CLI_POB`, `CLI_PROV`, `CLI_PAIS`, `CLI_TLF1`, `CLI_TLF2`, `CLI_FAX`, `CLI_CIF`, `CLI_GER`, `CLI_WEB`, `CLI_EMAIL`, `CLI_REGIMEN`) VALUES
	(1, 'CLIENTE DE CONTADO', 'DIRECCION', '0', 'POBLACION', 'PROVINCIA', 'PAIS', '', '', '', '', '', '', '', 1);
/*!40000 ALTER TABLE `clientes` ENABLE KEYS */;

-- Volcando estructura para tabla ids_tpv.codebars
CREATE TABLE IF NOT EXISTS `codebars` (
  `CBAR_ART_ID` int(10) NOT NULL,
  `CBAR_CODE` varchar(200) NOT NULL DEFAULT '',
  PRIMARY KEY (`CBAR_ART_ID`,`CBAR_CODE`)
) ENGINE=InnoDB DEFAULT CHARSET=latin1;

-- Volcando datos para la tabla ids_tpv.codebars: ~0 rows (aproximadamente)
DELETE FROM `codebars`;
/*!40000 ALTER TABLE `codebars` DISABLE KEYS */;
INSERT INTO `codebars` (`CBAR_ART_ID`, `CBAR_CODE`) VALUES
	(8, '1');
/*!40000 ALTER TABLE `codebars` ENABLE KEYS */;

-- Volcando estructura para tabla ids_tpv.complementos
CREATE TABLE IF NOT EXISTS `complementos` (
  `COMP_ID` int(10) NOT NULL AUTO_INCREMENT,
  `COMP_NOM` varchar(50) DEFAULT NULL,
  `COMP_ORDEN` int(10) NOT NULL,
  `COMP_NOM_CORTO` varchar(20) DEFAULT NULL,
  `COMP_IMAGEN` varchar(250) DEFAULT NULL,
  `COMP_NOM_LARGO` varchar(50) DEFAULT NULL,
  `COMP_COLOR_FONDO` varchar(50) DEFAULT NULL,
  `COMP_COLOR_FUENTE` varchar(50) DEFAULT NULL,
  `COMP_FCOMP_ID` int(10) NOT NULL,
  PRIMARY KEY (`COMP_ID`)
) ENGINE=InnoDB DEFAULT CHARSET=latin1;

-- Volcando datos para la tabla ids_tpv.complementos: ~0 rows (aproximadamente)
DELETE FROM `complementos`;
/*!40000 ALTER TABLE `complementos` DISABLE KEYS */;
/*!40000 ALTER TABLE `complementos` ENABLE KEYS */;

-- Volcando estructura para tabla ids_tpv.concurrencia
CREATE TABLE IF NOT EXISTS `concurrencia` (
  `con_user_id` int(11) DEFAULT NULL,
  `con_tabla` varchar(50) NOT NULL DEFAULT '',
  `con_campo` bigint(22) NOT NULL DEFAULT 0,
  `con_fecha` timestamp NULL DEFAULT NULL,
  PRIMARY KEY (`con_tabla`,`con_campo`)
) ENGINE=InnoDB DEFAULT CHARSET=latin1;

-- Volcando datos para la tabla ids_tpv.concurrencia: ~0 rows (aproximadamente)
DELETE FROM `concurrencia`;
/*!40000 ALTER TABLE `concurrencia` DISABLE KEYS */;
/*!40000 ALTER TABLE `concurrencia` ENABLE KEYS */;

-- Volcando estructura para tabla ids_tpv.configuracion
CREATE TABLE IF NOT EXISTS `configuracion` (
  `CONFIG_ID` int(11) NOT NULL,
  `CONFIG_AGRUPAR_IMPRIMIR` int(11) DEFAULT NULL,
  `CONFIG_NUMERO_SALONES` int(11) DEFAULT NULL,
  `CONFIG_DESCRIP_SALON1` varchar(50) DEFAULT NULL,
  `CONFIG_DESCRIP_SALON2` varchar(50) DEFAULT NULL,
  `CONFIG_DESCRIP_SALON3` varchar(50) DEFAULT NULL,
  `CONFIG_DESCRIP_SALON4` varchar(50) DEFAULT NULL,
  `CONFIG_USUARIO_IMPRIME_CAJA` int(11) DEFAULT NULL,
  `CONFIG_PIDE_USUARIO` int(11) DEFAULT NULL,
  `CONFIG_TARIFA_SALON1` int(11) DEFAULT NULL,
  `CONFIG_TARIFA_SALON2` int(11) DEFAULT NULL,
  `CONFIG_TARIFA_SALON3` int(11) DEFAULT NULL,
  `CONFIG_TARIFA_SALON4` int(11) DEFAULT NULL,
  `CONFIG_IMPRIME_RESUMEN_TICKET` int(11) DEFAULT NULL,
  `CONFIG_AVISO_PRECIO_CERO` int(11) DEFAULT NULL,
  `CONFIG_ACTUALIZAR_AL_INICIAR` int(11) DEFAULT NULL,
  PRIMARY KEY (`CONFIG_ID`)
) ENGINE=InnoDB DEFAULT CHARSET=latin1;

-- Volcando datos para la tabla ids_tpv.configuracion: ~0 rows (aproximadamente)
DELETE FROM `configuracion`;
/*!40000 ALTER TABLE `configuracion` DISABLE KEYS */;
INSERT INTO `configuracion` (`CONFIG_ID`, `CONFIG_AGRUPAR_IMPRIMIR`, `CONFIG_NUMERO_SALONES`, `CONFIG_DESCRIP_SALON1`, `CONFIG_DESCRIP_SALON2`, `CONFIG_DESCRIP_SALON3`, `CONFIG_DESCRIP_SALON4`, `CONFIG_USUARIO_IMPRIME_CAJA`, `CONFIG_PIDE_USUARIO`, `CONFIG_TARIFA_SALON1`, `CONFIG_TARIFA_SALON2`, `CONFIG_TARIFA_SALON3`, `CONFIG_TARIFA_SALON4`, `CONFIG_IMPRIME_RESUMEN_TICKET`, `CONFIG_AVISO_PRECIO_CERO`, `CONFIG_ACTUALIZAR_AL_INICIAR`) VALUES
	(1, 1, 2, 'Salón 1', 'Salón 2', 'Salón 3', 'Salón 4', 1, 0, 1, 2, 0, 0, 0, 1, 0);
/*!40000 ALTER TABLE `configuracion` ENABLE KEYS */;

-- Volcando estructura para tabla ids_tpv.copia_documentos
CREATE TABLE IF NOT EXISTS `copia_documentos` (
  `DOC_ID` bigint(20) NOT NULL,
  `DOC_SERIE` varchar(6) DEFAULT NULL,
  `DOC_NUM` int(10) NOT NULL,
  `DOC_TIPO` varchar(6) DEFAULT NULL,
  `DOC_MESA` int(10) NOT NULL,
  `DOC_CLIENTE` int(10) NOT NULL,
  `DOC_REGIMEN_ID` int(10) NOT NULL,
  `DOC_FECHA` datetime DEFAULT NULL,
  `DOC_FPAGO` int(10) NOT NULL,
  `DOC_IVA_ID` int(10) NOT NULL,
  `DOC_RETENCION` double DEFAULT NULL,
  `DOC_BASE1` double DEFAULT NULL,
  `DOC_BASE2` double DEFAULT NULL,
  `DOC_BASE3` double DEFAULT NULL,
  `DOC_BASE4` double DEFAULT NULL,
  `DOC_SUM_BASES` double DEFAULT NULL,
  `DOC_CDTO_PP` double DEFAULT NULL,
  `DOC_CIVA1` double DEFAULT NULL,
  `DOC_CIVA2` double DEFAULT NULL,
  `DOC_CIVA3` double DEFAULT NULL,
  `DOC_CIVA4` double DEFAULT NULL,
  `DOC_SUM_CIVAS` double DEFAULT NULL,
  `DOC_CREC1` double DEFAULT NULL,
  `DOC_CREC2` double DEFAULT NULL,
  `DOC_CREC3` double DEFAULT NULL,
  `DOC_CREC4` double DEFAULT NULL,
  `DOC_SUM_CREC` double DEFAULT NULL,
  `DOC_CRET1` double DEFAULT NULL,
  `DOC_CRET2` double DEFAULT NULL,
  `DOC_CRET3` double DEFAULT NULL,
  `DOC_CRET4` double DEFAULT NULL,
  `DOC_SUM_CRETS` double DEFAULT NULL,
  `DOC_TOTAL1` double DEFAULT NULL,
  `DOC_TOTAL2` double DEFAULT NULL,
  `DOC_TOTAL3` double DEFAULT NULL,
  `DOC_TOTAL4` double DEFAULT NULL,
  `DOC_TOTAL` double DEFAULT NULL,
  `DOC_TERMINAL` int(10) NOT NULL,
  `DOC_ENTREGADO` double DEFAULT NULL,
  `DOC_BLOQUEADO` int(10) NOT NULL,
  `DOC_CAJA_ID` int(10) NOT NULL,
  `DOC_ABONADO` int(11) DEFAULT NULL,
  `DOC_FECHA_PEDIDO` datetime DEFAULT NULL,
  PRIMARY KEY (`DOC_ID`),
  UNIQUE KEY `Indice_doc` (`DOC_SERIE`,`DOC_NUM`,`DOC_TIPO`,`DOC_MESA`)
) ENGINE=InnoDB DEFAULT CHARSET=latin1;

-- Volcando datos para la tabla ids_tpv.copia_documentos: ~0 rows (aproximadamente)
DELETE FROM `copia_documentos`;
/*!40000 ALTER TABLE `copia_documentos` DISABLE KEYS */;
/*!40000 ALTER TABLE `copia_documentos` ENABLE KEYS */;

-- Volcando estructura para tabla ids_tpv.copia_ldocumentos
CREATE TABLE IF NOT EXISTS `copia_ldocumentos` (
  `LDOC_ID` bigint(20) NOT NULL,
  `LDOC_DOC_ID` bigint(20) NOT NULL,
  `LDOC_TIPO` varchar(1) DEFAULT NULL,
  `LDOC_LINEA` int(10) NOT NULL,
  `LDOC_ART_ID` int(10) NOT NULL,
  `LDOC_DESCRIPCION` varchar(50) DEFAULT NULL,
  `LDOC_CANTIDAD` double NOT NULL,
  `LDOC_PVP` double NOT NULL,
  `LDOC_DTO` double NOT NULL,
  `LDOC_CDTO` double NOT NULL,
  `LDOC_IMPORTE` double NOT NULL,
  `LDOC_IMPORTE_PVP` double NOT NULL,
  `LDOC_IVA` double NOT NULL,
  `LDOC_CIVA` double NOT NULL,
  `LDOC_TIPO_IVA` int(10) NOT NULL,
  `LDOC_CANT_PRN` int(10) NOT NULL,
  `LDOC_TER_ID` int(10) NOT NULL,
  `LDOC_VARIA_NOTAS` int(11) DEFAULT NULL,
  `LDOC_ERR_PRN` int(11) DEFAULT NULL,
  `LDOC_USUARIO` int(11) DEFAULT NULL
) ENGINE=InnoDB DEFAULT CHARSET=latin1;

-- Volcando datos para la tabla ids_tpv.copia_ldocumentos: ~0 rows (aproximadamente)
DELETE FROM `copia_ldocumentos`;
/*!40000 ALTER TABLE `copia_ldocumentos` DISABLE KEYS */;
/*!40000 ALTER TABLE `copia_ldocumentos` ENABLE KEYS */;

-- Volcando estructura para tabla ids_tpv.documentos
CREATE TABLE IF NOT EXISTS `documentos` (
  `DOC_ID` bigint(20) NOT NULL AUTO_INCREMENT,
  `DOC_SERIE` varchar(6) DEFAULT NULL,
  `DOC_NUM` int(10) NOT NULL,
  `DOC_TIPO` varchar(6) DEFAULT NULL,
  `DOC_MESA` int(10) NOT NULL,
  `DOC_CLIENTE` int(10) NOT NULL,
  `DOC_REGIMEN_ID` int(10) NOT NULL,
  `DOC_FECHA` datetime DEFAULT NULL,
  `DOC_FPAGO` int(10) NOT NULL,
  `DOC_IVA_ID` int(10) NOT NULL,
  `DOC_RETENCION` double DEFAULT NULL,
  `DOC_BASE1` double DEFAULT NULL,
  `DOC_BASE2` double DEFAULT NULL,
  `DOC_BASE3` double DEFAULT NULL,
  `DOC_BASE4` double DEFAULT NULL,
  `DOC_SUM_BASES` double DEFAULT NULL,
  `DOC_CDTO_PP` double DEFAULT NULL,
  `DOC_CIVA1` double DEFAULT NULL,
  `DOC_CIVA2` double DEFAULT NULL,
  `DOC_CIVA3` double DEFAULT NULL,
  `DOC_CIVA4` double DEFAULT NULL,
  `DOC_SUM_CIVAS` double DEFAULT NULL,
  `DOC_CREC1` double DEFAULT NULL,
  `DOC_CREC2` double DEFAULT NULL,
  `DOC_CREC3` double DEFAULT NULL,
  `DOC_CREC4` double DEFAULT NULL,
  `DOC_SUM_CREC` double DEFAULT NULL,
  `DOC_CRET1` double DEFAULT NULL,
  `DOC_CRET2` double DEFAULT NULL,
  `DOC_CRET3` double DEFAULT NULL,
  `DOC_CRET4` double DEFAULT NULL,
  `DOC_SUM_CRETS` double DEFAULT NULL,
  `DOC_TOTAL1` double DEFAULT NULL,
  `DOC_TOTAL2` double DEFAULT NULL,
  `DOC_TOTAL3` double DEFAULT NULL,
  `DOC_TOTAL4` double DEFAULT NULL,
  `DOC_TOTAL` double DEFAULT NULL,
  `DOC_TERMINAL` int(10) NOT NULL,
  `DOC_ENTREGADO` double DEFAULT NULL,
  `DOC_BLOQUEADO` int(10) NOT NULL,
  `DOC_CAJA_ID` int(10) NOT NULL,
  `DOC_ABONADO` int(11) DEFAULT NULL,
  `DOC_FECHA_PEDIDO` datetime DEFAULT NULL,
  PRIMARY KEY (`DOC_ID`),
  UNIQUE KEY `Indice_doc` (`DOC_SERIE`,`DOC_NUM`,`DOC_TIPO`,`DOC_MESA`)
) ENGINE=InnoDB AUTO_INCREMENT=86 DEFAULT CHARSET=latin1;

-- Volcando datos para la tabla ids_tpv.documentos: ~3 rows (aproximadamente)
DELETE FROM `documentos`;
/*!40000 ALTER TABLE `documentos` DISABLE KEYS */;
INSERT INTO `documentos` (`DOC_ID`, `DOC_SERIE`, `DOC_NUM`, `DOC_TIPO`, `DOC_MESA`, `DOC_CLIENTE`, `DOC_REGIMEN_ID`, `DOC_FECHA`, `DOC_FPAGO`, `DOC_IVA_ID`, `DOC_RETENCION`, `DOC_BASE1`, `DOC_BASE2`, `DOC_BASE3`, `DOC_BASE4`, `DOC_SUM_BASES`, `DOC_CDTO_PP`, `DOC_CIVA1`, `DOC_CIVA2`, `DOC_CIVA3`, `DOC_CIVA4`, `DOC_SUM_CIVAS`, `DOC_CREC1`, `DOC_CREC2`, `DOC_CREC3`, `DOC_CREC4`, `DOC_SUM_CREC`, `DOC_CRET1`, `DOC_CRET2`, `DOC_CRET3`, `DOC_CRET4`, `DOC_SUM_CRETS`, `DOC_TOTAL1`, `DOC_TOTAL2`, `DOC_TOTAL3`, `DOC_TOTAL4`, `DOC_TOTAL`, `DOC_TERMINAL`, `DOC_ENTREGADO`, `DOC_BLOQUEADO`, `DOC_CAJA_ID`, `DOC_ABONADO`, `DOC_FECHA_PEDIDO`) VALUES
	(67, 'MESA', 1, 'TICKET', 1, 1, 0, '2022-06-10 18:22:04', 0, 1, 0, 33.1818, 7.59091, 7.5, 0, 48.27271, 0, 6.9682, 0.75909, 0.3, 0, 8.02729, 0, 0, 0, 0, 0, 0, 0, 0, 0, 0, 40.15, 8.35, 7.8, 0, 56.3, 1, 0, 0, 0, 0, '0001-01-01 00:00:00'),
	(82, 'MESA', 4, 'TICKET', 3, 1, 0, '2022-06-10 18:22:13', 0, 1, 0, 0, 4.34222, 0, 0, 4.34222, 0, 0, 0.20778, 0, 0, 0.20778, 0, 0, 0, 0, 0, 0, 0, 0, 0, 0, 0, 4.55, 0, 0, 4.55, 1, 0, 1, 0, 0, '0001-01-01 00:00:00'),
	(83, 'APARCA', 1, 'TICKET', 0, 1, 0, '2022-06-10 18:18:22', 0, 1, 0, 0, 3.63636, 0, 0, 3.63636, 0, 0, 0.36364, 0, 0, 0.36364, 0, 0, 0, 0, 0, 0, 0, 0, 0, 0, 0, 4, 0, 0, 4, 1, 0, 0, 0, 0, '2022-06-10 18:18:22'),
	(84, 'TMP', 1, 'TICKET', 0, 1, 0, '2022-06-10 18:18:22', 0, 1, 0, 0, 0, 0, 0, 0, 0, 0, 0, 0, 0, 0, 0, 0, 0, 0, 0, 0, 0, 0, 0, 0, 0, 0, 0, 0, 0, 1, 0, 0, 0, 0, '0001-01-01 00:00:00'),
	(85, 'MESA', 5, 'TICKET', 2, 1, 0, '2022-06-10 18:21:09', 0, 1, 0, 0, 3.63636, 0, 0, 3.63636, 0, 0, 0.36364, 0, 0, 0.36364, 0, 0, 0, 0, 0, 0, 0, 0, 0, 0, 0, 4, 0, 0, 4, 1, 0, 0, 0, 0, '0001-01-01 00:00:00');
/*!40000 ALTER TABLE `documentos` ENABLE KEYS */;

-- Volcando estructura para tabla ids_tpv.empresa
CREATE TABLE IF NOT EXISTS `empresa` (
  `EMP_ID` int(11) NOT NULL,
  `EMP_NOM` varchar(50) DEFAULT NULL,
  `EMP_DIR` varchar(50) DEFAULT NULL,
  `EMP_CP` varchar(10) DEFAULT NULL,
  `EMP_POB` varchar(50) DEFAULT NULL,
  `EMP_PROV` varchar(40) DEFAULT NULL,
  `EMP_PAIS` varchar(30) DEFAULT NULL,
  `EMP_TLF1` varchar(12) DEFAULT NULL,
  `EMP_TLF2` varchar(12) DEFAULT NULL,
  `EMP_FAX` varchar(12) DEFAULT NULL,
  `EMP_CIF` varchar(250) DEFAULT NULL,
  `EMP_GER` varchar(50) DEFAULT NULL,
  `EMP_WEB` varchar(50) DEFAULT NULL,
  `EMP_EMAIL` varchar(50) DEFAULT NULL,
  `EMP_LIC` varchar(250) DEFAULT NULL,
  `EMP_IVA` int(11) DEFAULT NULL,
  PRIMARY KEY (`EMP_ID`)
) ENGINE=InnoDB DEFAULT CHARSET=latin1;

-- Volcando datos para la tabla ids_tpv.empresa: ~0 rows (aproximadamente)
DELETE FROM `empresa`;
/*!40000 ALTER TABLE `empresa` DISABLE KEYS */;
INSERT INTO `empresa` (`EMP_ID`, `EMP_NOM`, `EMP_DIR`, `EMP_CP`, `EMP_POB`, `EMP_PROV`, `EMP_PAIS`, `EMP_TLF1`, `EMP_TLF2`, `EMP_FAX`, `EMP_CIF`, `EMP_GER`, `EMP_WEB`, `EMP_EMAIL`, `EMP_LIC`, `EMP_IVA`) VALUES
	(1, 'MANUEL BELLIDO E HIJOS S.L.', 'C/ SABIO ANDALUZ,01', '14550', 'MONTILLA', 'CORDOBA', 'España', '957650848', '', '957650149', 'HwYvPWpSaxrzJ2qDVUi4Ug==', '', '', '', '', 1);
/*!40000 ALTER TABLE `empresa` ENABLE KEYS */;

-- Volcando estructura para tabla ids_tpv.familias_art
CREATE TABLE IF NOT EXISTS `familias_art` (
  `FAM_ID` int(10) NOT NULL AUTO_INCREMENT,
  `FAM_NOM` varchar(50) DEFAULT NULL,
  `FAM_NOM_CORTO` varchar(20) DEFAULT NULL,
  `FAM_IMAGEN` varchar(250) DEFAULT NULL,
  `FAM_NOM_LARGO` varchar(50) DEFAULT NULL,
  `FAM_COLOR_FONDO` varchar(50) DEFAULT NULL,
  `FAM_COLOR_FUENTE` varchar(50) DEFAULT NULL,
  `FAM_ORDEN` int(10) NOT NULL,
  `FAM_VISIBLE` int(11) DEFAULT NULL,
  PRIMARY KEY (`FAM_ID`)
) ENGINE=InnoDB AUTO_INCREMENT=5 DEFAULT CHARSET=latin1;

-- Volcando datos para la tabla ids_tpv.familias_art: ~4 rows (aproximadamente)
DELETE FROM `familias_art`;
/*!40000 ALTER TABLE `familias_art` DISABLE KEYS */;
INSERT INTO `familias_art` (`FAM_ID`, `FAM_NOM`, `FAM_NOM_CORTO`, `FAM_IMAGEN`, `FAM_NOM_LARGO`, `FAM_COLOR_FONDO`, `FAM_COLOR_FUENTE`, `FAM_ORDEN`, `FAM_VISIBLE`) VALUES
	(1, 'PAN', 'PAN', '\\imagenes\\productos\\pan.jpg', '', '-16744320', '-1', 1, 1),
	(2, 'DULCES Y BOLLERIA', 'DULCES BOLLE', '\\imagenes\\productos\\dulces1.jpg', '', '-16744320', '-1', 2, 1),
	(3, 'ALIMENTACION', 'ALIMENTACION', '\\imagenes\\productos\\ALIMENTACION.jpg', '', '-16744320', '-1', 3, 1),
	(4, 'VINOS CERVEZAS', 'VINO CERVEZA', '\\imagenes\\productos\\VINOS.png', '', '-16744320', '-1', 4, 1);
/*!40000 ALTER TABLE `familias_art` ENABLE KEYS */;

-- Volcando estructura para tabla ids_tpv.familias_coment
CREATE TABLE IF NOT EXISTS `familias_coment` (
  `FAMCOMENT_ID` int(10) NOT NULL AUTO_INCREMENT,
  `FAMCOMENT_NOM` varchar(50) DEFAULT NULL,
  `FAMCOMENT_NOM_CORTO` varchar(20) DEFAULT NULL,
  `FAMCOMENT_IMAGEN` varchar(250) DEFAULT NULL,
  `FAMCOMENT_NOM_LARGO` varchar(50) DEFAULT NULL,
  `FAMCOMENT_COLOR_FONDO` varchar(50) DEFAULT NULL,
  `FAMCOMENT_COLOR_FUENTE` varchar(50) DEFAULT NULL,
  `FAMCOMENT_ORDEN` int(10) NOT NULL,
  PRIMARY KEY (`FAMCOMENT_ID`)
) ENGINE=InnoDB DEFAULT CHARSET=latin1;

-- Volcando datos para la tabla ids_tpv.familias_coment: ~0 rows (aproximadamente)
DELETE FROM `familias_coment`;
/*!40000 ALTER TABLE `familias_coment` DISABLE KEYS */;
/*!40000 ALTER TABLE `familias_coment` ENABLE KEYS */;

-- Volcando estructura para tabla ids_tpv.familias_complementos
CREATE TABLE IF NOT EXISTS `familias_complementos` (
  `FCOMP_ID` int(10) NOT NULL AUTO_INCREMENT,
  `FCOMP_NOM` varchar(50) DEFAULT NULL,
  `FCOMP_ORDEN` int(10) NOT NULL,
  `FCOMP_NOM_CORTO` varchar(20) DEFAULT NULL,
  `FCOMP_IMAGEN` varchar(250) DEFAULT NULL,
  `FCOMP_NOM_LARGO` varchar(50) DEFAULT NULL,
  `FCOMP_COLOR_FONDO` varchar(50) DEFAULT NULL,
  `FCOMP_COLOR_FUENTE` varchar(50) DEFAULT NULL,
  PRIMARY KEY (`FCOMP_ID`)
) ENGINE=InnoDB DEFAULT CHARSET=latin1;

-- Volcando datos para la tabla ids_tpv.familias_complementos: ~0 rows (aproximadamente)
DELETE FROM `familias_complementos`;
/*!40000 ALTER TABLE `familias_complementos` DISABLE KEYS */;
/*!40000 ALTER TABLE `familias_complementos` ENABLE KEYS */;

-- Volcando estructura para tabla ids_tpv.familias_notas
CREATE TABLE IF NOT EXISTS `familias_notas` (
  `FNOTA_ID` int(10) NOT NULL AUTO_INCREMENT,
  `FNOTA_NOM` varchar(50) DEFAULT NULL,
  `FNOTA_ORDEN` int(10) NOT NULL,
  `FNOTA_NOM_CORTO` varchar(20) DEFAULT NULL,
  `FNOTA_IMAGEN` varchar(250) DEFAULT NULL,
  `FNOTA_NOM_LARGO` varchar(50) DEFAULT NULL,
  `FNOTA_COLOR_FONDO` varchar(50) DEFAULT NULL,
  `FNOTA_COLOR_FUENTE` varchar(50) DEFAULT NULL,
  PRIMARY KEY (`FNOTA_ID`)
) ENGINE=InnoDB AUTO_INCREMENT=2 DEFAULT CHARSET=latin1;

-- Volcando datos para la tabla ids_tpv.familias_notas: ~0 rows (aproximadamente)
DELETE FROM `familias_notas`;
/*!40000 ALTER TABLE `familias_notas` DISABLE KEYS */;
INSERT INTO `familias_notas` (`FNOTA_ID`, `FNOTA_NOM`, `FNOTA_ORDEN`, `FNOTA_NOM_CORTO`, `FNOTA_IMAGEN`, `FNOTA_NOM_LARGO`, `FNOTA_COLOR_FONDO`, `FNOTA_COLOR_FUENTE`) VALUES
	(1, 'NOTA BEBIDAS', 1, '', '', 'NOTA BEBIDA', '-16744320', '-1');
/*!40000 ALTER TABLE `familias_notas` ENABLE KEYS */;

-- Volcando estructura para tabla ids_tpv.formas_de_pago
CREATE TABLE IF NOT EXISTS `formas_de_pago` (
  `FPAGO_ID` int(11) NOT NULL AUTO_INCREMENT,
  `FPAGO_NOM` varchar(50) DEFAULT NULL,
  `FPAGO_ACT_CAJA` tinyint(4) DEFAULT NULL,
  `FPAGO_NOM_CORTO` varchar(20) DEFAULT NULL,
  `FPAGO_IMAGEN` varchar(250) DEFAULT NULL,
  `FPAGO_NOM_LARGO` varchar(50) DEFAULT NULL,
  `FPAGO_COLOR_FONDO` varchar(50) DEFAULT NULL,
  `FPAGO_COLOR_FUENTE` varchar(50) DEFAULT NULL,
  `FPAGO_ORDEN` int(10) NOT NULL,
  PRIMARY KEY (`FPAGO_ID`)
) ENGINE=InnoDB AUTO_INCREMENT=3 DEFAULT CHARSET=latin1;

-- Volcando datos para la tabla ids_tpv.formas_de_pago: ~2 rows (aproximadamente)
DELETE FROM `formas_de_pago`;
/*!40000 ALTER TABLE `formas_de_pago` DISABLE KEYS */;
INSERT INTO `formas_de_pago` (`FPAGO_ID`, `FPAGO_NOM`, `FPAGO_ACT_CAJA`, `FPAGO_NOM_CORTO`, `FPAGO_IMAGEN`, `FPAGO_NOM_LARGO`, `FPAGO_COLOR_FONDO`, `FPAGO_COLOR_FUENTE`, `FPAGO_ORDEN`) VALUES
	(1, 'CONTADO', 1, 'CONTADO', '\\imagenes\\productos\\contado.png', 'CONTADO', '-16744320', '-1', 1),
	(2, 'TARJETA', 0, 'TARJETA', '\\imagenes\\productos\\tarjeta.png', 'TARJETA', '-16744320', '-1', 2);
/*!40000 ALTER TABLE `formas_de_pago` ENABLE KEYS */;

-- Volcando estructura para tabla ids_tpv.ids
CREATE TABLE IF NOT EXISTS `ids` (
  `IDS_ID` int(11) NOT NULL,
  `IDS_LIC` varchar(250) DEFAULT NULL,
  `IDS_CTRL` varchar(250) DEFAULT NULL,
  `IDS_TERMINAL_SERVER` varchar(250) DEFAULT NULL,
  PRIMARY KEY (`IDS_ID`)
) ENGINE=InnoDB DEFAULT CHARSET=utf8;

-- Volcando datos para la tabla ids_tpv.ids: ~0 rows (aproximadamente)
DELETE FROM `ids`;
/*!40000 ALTER TABLE `ids` DISABLE KEYS */;
INSERT INTO `ids` (`IDS_ID`, `IDS_LIC`, `IDS_CTRL`, `IDS_TERMINAL_SERVER`) VALUES
	(1, '11111-11111-11111-11111-1111Ñ', 'qdF9FyTJnrnKp1UuD0UYf9gta4kLj50CoY93JUZvMxo=', 'ACTIVADO');
/*!40000 ALTER TABLE `ids` ENABLE KEYS */;

-- Volcando estructura para tabla ids_tpv.impresoras
CREATE TABLE IF NOT EXISTS `impresoras` (
  `PRN_ID` int(10) NOT NULL AUTO_INCREMENT,
  `PRN_NOM` varchar(50) DEFAULT NULL,
  `PRN_RUTA` varchar(250) DEFAULT NULL,
  PRIMARY KEY (`PRN_ID`)
) ENGINE=InnoDB AUTO_INCREMENT=2 DEFAULT CHARSET=latin1;

-- Volcando datos para la tabla ids_tpv.impresoras: ~0 rows (aproximadamente)
DELETE FROM `impresoras`;
/*!40000 ALTER TABLE `impresoras` DISABLE KEYS */;
INSERT INTO `impresoras` (`PRN_ID`, `PRN_NOM`, `PRN_RUTA`) VALUES
	(1, 'ticket', 'BIXOLON SRP-350III');
/*!40000 ALTER TABLE `impresoras` ENABLE KEYS */;

-- Volcando estructura para tabla ids_tpv.ldocumentos
CREATE TABLE IF NOT EXISTS `ldocumentos` (
  `LDOC_ID` bigint(20) NOT NULL AUTO_INCREMENT,
  `LDOC_DOC_ID` bigint(20) NOT NULL,
  `LDOC_TIPO` varchar(1) DEFAULT NULL,
  `LDOC_LINEA` int(10) NOT NULL,
  `LDOC_ART_ID` int(10) NOT NULL,
  `LDOC_DESCRIPCION` varchar(50) DEFAULT NULL,
  `LDOC_CANTIDAD` double NOT NULL,
  `LDOC_PVP` double NOT NULL,
  `LDOC_DTO` double NOT NULL,
  `LDOC_CDTO` double NOT NULL,
  `LDOC_IMPORTE` double NOT NULL,
  `LDOC_IMPORTE_PVP` double NOT NULL,
  `LDOC_IVA` double NOT NULL,
  `LDOC_CIVA` double NOT NULL,
  `LDOC_TIPO_IVA` int(10) NOT NULL,
  `LDOC_CANT_PRN` int(10) NOT NULL,
  `LDOC_TER_ID` int(10) DEFAULT NULL,
  `LDOC_VARIA_NOTAS` int(11) DEFAULT NULL,
  `LDOC_ERR_PRN` int(11) DEFAULT NULL,
  `LDOC_USUARIO` int(11) DEFAULT NULL,
  PRIMARY KEY (`LDOC_ID`)
) ENGINE=InnoDB AUTO_INCREMENT=279 DEFAULT CHARSET=latin1;

-- Volcando datos para la tabla ids_tpv.ldocumentos: ~25 rows (aproximadamente)
DELETE FROM `ldocumentos`;
/*!40000 ALTER TABLE `ldocumentos` DISABLE KEYS */;
INSERT INTO `ldocumentos` (`LDOC_ID`, `LDOC_DOC_ID`, `LDOC_TIPO`, `LDOC_LINEA`, `LDOC_ART_ID`, `LDOC_DESCRIPCION`, `LDOC_CANTIDAD`, `LDOC_PVP`, `LDOC_DTO`, `LDOC_CDTO`, `LDOC_IMPORTE`, `LDOC_IMPORTE_PVP`, `LDOC_IVA`, `LDOC_CIVA`, `LDOC_TIPO_IVA`, `LDOC_CANT_PRN`, `LDOC_TER_ID`, `LDOC_VARIA_NOTAS`, `LDOC_ERR_PRN`, `LDOC_USUARIO`) VALUES
	(6, 2, 'A', 10, 1, 'PAN', 1, 0, 0, 0, 0, 0, 4, 0, 2, 1, 1, NULL, 1, 0),
	(202, 67, 'A', 10, 3, 'PAN RALLADO', 1, 0.55, 0, 0, 0.5, 7, 10, 0.05, 1, 1, 1, NULL, 1, 0),
	(203, 67, 'A', 20, 41, 'BARRA MEDIANA', 1, 0.95, 0, 0, 0.91346, 0.95, 4, 0.03654, 2, 1, 1, NULL, 1, 0),
	(204, 67, 'A', 30, 10, 'VINO', 1, 1.6, 0, 0, 1.32231, 1.6, 21, 0.27769, 0, 1, 1, NULL, 1, 0),
	(205, 67, 'A', 40, 13, 'CERVEZA LITRO', 1, 1.5, 0, 0, 1.23967, 1.5, 21, 0.26033, 0, 1, 1, NULL, 1, 0),
	(206, 67, 'A', 50, 10, 'VINO', 1, 1.6, 0, 0, 1.32231, 1.6, 21, 0.27769, 0, 1, 1, NULL, 1, 0),
	(207, 67, 'A', 60, 13, 'CERVEZA LITRO', 1, 1.5, 0, 0, 1.23967, 1.5, 21, 0.26033, 0, 1, 1, NULL, 1, 0),
	(208, 67, 'A', 70, 10, 'VINO', 1, 1.6, 0, 0, 1.32231, 1.6, 21, 0.27769, 0, 1, 1, NULL, 1, 0),
	(209, 67, 'A', 80, 13, 'CERVEZA LITRO', 1, 1.5, 0, 0, 1.23967, 1.5, 21, 0.26033, 0, 1, 1, NULL, 1, 0),
	(210, 67, 'A', 90, 10, 'VINO', 1, 1.6, 0, 0, 1.32231, 1.6, 21, 0.27769, 0, 1, 1, NULL, 1, 0),
	(211, 67, 'A', 100, 13, 'CERVEZA LITRO', 1, 1.5, 0, 0, 1.23967, 1.5, 21, 0.26033, 0, 1, 1, NULL, 1, 0),
	(212, 67, 'A', 110, 10, 'VINO', 1, 1.6, 0, 0, 1.32231, 1.6, 21, 0.27769, 0, 1, 1, NULL, 1, 0),
	(213, 67, 'A', 120, 13, 'CERVEZA LITRO', 1, 1.5, 0, 0, 1.23967, 1.5, 21, 0.26033, 0, 1, 1, NULL, 1, 0),
	(214, 67, 'A', 130, 10, 'VINO', 5, 1.6, 0, 0, 1.32231, 1.6, 21, 0.27769, 0, 1, 1, NULL, 1, 0),
	(215, 67, 'A', 140, 13, 'CERVEZA LITRO', 1, 1.5, 0, 0, 1.23967, 1.5, 21, 0.26033, 0, 1, 1, NULL, 1, 0),
	(216, 67, 'A', 150, 13, 'CERVEZA LITRO', 1, 1.5, 0, 0, 1.23967, 1.5, 21, 0.26033, 0, 1, 1, NULL, 1, 0),
	(217, 67, 'A', 160, 2, 'PAN INTEGRAL', 1, 0, 0, 0, 0, 0, 4, 0, 2, 1, 1, NULL, 1, 0),
	(218, 67, 'A', 170, 3, 'PAN RALLADO', 1, 0.55, 0, 0, 0.5, 0.55, 10, 0.05, 1, 1, 1, NULL, 1, 0),
	(219, 67, 'A', 180, 2, 'PAN INTEGRAL', 1, 0, 0, 0, 0, 0, 4, 0, 2, 1, 1, NULL, 1, 0),
	(220, 67, 'A', 190, 2, 'PAN INTEGRAL', 1, 6, 0, 0, 5.76923, 6, 4, 0.23077, 2, 1, 1, NULL, 1, 0),
	(221, 67, 'A', 200, 43, 'BAGUETTE', 3, 0.85, 0, 0, 0.81731, 0.85, 4, 0.03269, 2, 1, 1, NULL, 1, 0),
	(222, 67, 'A', 210, 4, 'PALILLOS Y PICOS', 1, 0.8, 0, 0, 0.72727, 0.8, 10, 0.07273, 1, 1, 1, NULL, 1, 0),
	(223, 67, 'A', 220, 11, 'BOLSA PLASTICO', 2, 0.05, 0, 0, 0.04132, 0.05, 21, 0.00868, 0, 1, 1, NULL, 1, 0),
	(224, 67, 'A', 230, 54, 'NESTEA', 2, 10, 0, 0, 16.52893, 20, 21, 3.47107, 0, 1, 1, NULL, 1, 0),
	(274, 82, 'A', 10, 12, 'BOLLERIA', 3, 1, 0, 0, 2.72727, 3, 10, 0.27273, 1, 1, 1, NULL, 1, 0),
	(275, 82, 'A', 20, 4, 'PALILLOS Y PICOS', 1, 0.8, 0, 0, 0.72727, 0.8, 10, 0.07273, 1, 1, 1, NULL, 1, 0),
	(276, 83, 'A', 10, 59, 'DYC COCACOLA-COCACOLA', 1, 4, 0, 0, 3.63636, 4, 10, 0.36364, 1, 1, 1, NULL, 1, 0),
	(277, 85, 'A', 10, 59, 'DYC COCACOLA-COCACOLA', 1, 4, 0, 0, 3.63636, 4, 10, 0.36364, 1, 1, 1, NULL, 1, 0),
	(278, 82, 'A', 30, 8, 'COCACOLA', 1, 0.75, 0, 0, 0.68182, 0.75, 10, 0.06818, 1, 1, 1, NULL, 1, 0);
/*!40000 ALTER TABLE `ldocumentos` ENABLE KEYS */;

-- Volcando estructura para tabla ids_tpv.lnotas
CREATE TABLE IF NOT EXISTS `lnotas` (
  `LN_ID` bigint(20) NOT NULL AUTO_INCREMENT,
  `LN_VERSION` int(11) DEFAULT 0,
  `LN_LDOC_ID` bigint(20) DEFAULT 0,
  `LN_LINEA` int(11) DEFAULT 0,
  `LN_NOTA_ID` int(11) DEFAULT 0,
  `LN_TIPO` varchar(1) DEFAULT 'A',
  `LN_DESCRIPCION` varchar(50) DEFAULT NULL,
  `LN_CANTIDAD` double DEFAULT 0,
  PRIMARY KEY (`LN_ID`)
) ENGINE=InnoDB AUTO_INCREMENT=32 DEFAULT CHARSET=latin1;

-- Volcando datos para la tabla ids_tpv.lnotas: ~26 rows (aproximadamente)
DELETE FROM `lnotas`;
/*!40000 ALTER TABLE `lnotas` DISABLE KEYS */;
INSERT INTO `lnotas` (`LN_ID`, `LN_VERSION`, `LN_LDOC_ID`, `LN_LINEA`, `LN_NOTA_ID`, `LN_TIPO`, `LN_DESCRIPCION`, `LN_CANTIDAD`) VALUES
	(1, 1, 519253, 1, 0, '', '', 0),
	(2, 1, 519339, 1, 0, '', '', 0),
	(3, 1, 519340, 1, 0, '', '', 0),
	(4, 1, 519414, 1, 0, '', '', 0),
	(5, 1, 519415, 1, 0, '', '', 0),
	(6, 1, 519416, 1, 0, '', '', 0),
	(7, 1, 519417, 1, 0, '', '', 0),
	(8, 1, 519481, 1, 0, '', '', 0),
	(9, 1, 519482, 1, 0, '', '', 0),
	(10, 1, 519484, 1, 0, '', '', 0),
	(11, 1, 519485, 1, 0, '', '', 0),
	(12, 1, 519486, 1, 0, '', '', 0),
	(13, 1, 519575, 1, 0, '', '', 0),
	(14, 1, 519576, 1, 0, '', '', 0),
	(15, 1, 6, 1, 0, '', '', 0),
	(16, 1, 7, 1, 0, '', '', 0),
	(17, 1, 8, 1, 0, '', '', 0),
	(18, 1, 18, 1, 0, '', '', 0),
	(19, 1, 19, 1, 0, '', '', 0),
	(20, 1, 20, 1, 0, '', '', 0),
	(21, 2, 30, 1, 0, '', '', 0),
	(22, 2, 31, 1, 0, '', '', 0),
	(23, 2, 42, 1, 0, '', '', 0),
	(24, 2, 43, 1, 0, '', '', 0),
	(25, 2, 44, 1, 0, '', '', 0),
	(26, 2, 53, 1, 0, '', '', 0),
	(27, 2, 54, 1, 0, '', '', 0),
	(28, 2, 55, 1, 0, '', '', 0),
	(29, 2, 56, 1, 0, '', '', 0),
	(30, 1, 276, 1, 0, '', '', 0),
	(31, 0, 277, 1, 0, '', 'SIN HIELO', 1);
/*!40000 ALTER TABLE `lnotas` ENABLE KEYS */;

-- Volcando estructura para tabla ids_tpv.ltarifas
CREATE TABLE IF NOT EXISTS `ltarifas` (
  `LTARIFA_ID` int(10) NOT NULL,
  `LTARIFA_ART` int(10) NOT NULL,
  `LTARIFA_MARGEN` double(15,5) DEFAULT NULL,
  `LTARIFA_MANUAL` tinyint(1) NOT NULL,
  `LTARIFA_PRECIO` double(15,5) DEFAULT NULL,
  `LTARIFA_PVP` double(15,5) DEFAULT NULL,
  PRIMARY KEY (`LTARIFA_ID`,`LTARIFA_ART`)
) ENGINE=InnoDB DEFAULT CHARSET=latin1;

-- Volcando datos para la tabla ids_tpv.ltarifas: ~174 rows (aproximadamente)
DELETE FROM `ltarifas`;
/*!40000 ALTER TABLE `ltarifas` DISABLE KEYS */;
INSERT INTO `ltarifas` (`LTARIFA_ID`, `LTARIFA_ART`, `LTARIFA_MARGEN`, `LTARIFA_MANUAL`, `LTARIFA_PRECIO`, `LTARIFA_PVP`) VALUES
	(1, 1, 0.00000, 0, 0.00000, 0.00000),
	(1, 2, 0.00000, 0, 0.96150, 1.00000),
	(1, 3, 0.00000, 0, 0.45450, 0.55000),
	(1, 4, 0.00000, 0, 0.66120, 0.80000),
	(1, 5, 0.00000, 0, 0.00000, 0.00000),
	(1, 6, 0.00000, 0, 0.00000, 0.00000),
	(1, 7, 0.00000, 0, 0.99170, 1.20000),
	(1, 8, 0.00000, 0, 0.68180, 0.75000),
	(1, 9, 0.00000, 0, 0.53720, 0.65000),
	(1, 10, 0.00000, 0, 1.32230, 1.60000),
	(1, 11, 0.00000, 0, 0.04130, 0.05000),
	(1, 12, 0.00000, 0, 0.53720, 0.65000),
	(1, 13, 0.00000, 0, 1.23970, 1.50000),
	(1, 14, 0.00000, 0, 0.57850, 0.70000),
	(1, 15, 0.00000, 0, 0.90910, 1.10000),
	(1, 16, 0.00000, 0, 0.70250, 0.85000),
	(1, 17, 0.00000, 0, 0.78510, 0.95000),
	(1, 18, 0.00000, 0, 0.82640, 1.00000),
	(1, 19, 0.00000, 0, 1.03310, 1.25000),
	(1, 20, 0.00000, 0, 1.28100, 1.55000),
	(1, 21, 0.00000, 0, 1.85950, 2.25000),
	(1, 22, 0.00000, 0, 1.57020, 1.90000),
	(1, 23, 0.00000, 0, 4.29750, 5.20000),
	(1, 24, 0.00000, 0, 1.52890, 1.85000),
	(1, 25, 0.00000, 0, 1.23970, 1.50000),
	(1, 26, 0.00000, 0, 1.19830, 1.45000),
	(1, 27, 0.00000, 0, 1.57020, 1.90000),
	(1, 28, 0.00000, 0, 2.00000, 2.20000),
	(1, 29, 0.00000, 0, 2.00000, 2.20000),
	(1, 30, 0.00000, 0, 0.49590, 0.60000),
	(1, 31, 0.00000, 0, 1.81820, 2.20000),
	(1, 32, 0.00000, 0, 1.07440, 1.30000),
	(1, 33, 0.00000, 0, 1.90080, 2.30000),
	(1, 34, 0.00000, 0, 0.90910, 1.10000),
	(1, 35, 0.00000, 0, 0.45450, 0.55000),
	(1, 36, 0.00000, 0, 0.49590, 0.60000),
	(1, 37, 0.00000, 0, 0.20660, 0.25000),
	(1, 38, 0.00000, 0, 0.82640, 1.00000),
	(1, 39, 0.00000, 0, 0.33060, 0.40000),
	(1, 40, 0.00000, 0, 0.53720, 0.65000),
	(1, 41, 0.00000, 0, 0.78510, 0.95000),
	(1, 42, 0.00000, 0, 0.95040, 1.15000),
	(1, 43, 0.00000, 0, 0.70250, 0.85000),
	(1, 44, 0.00000, 0, 0.78510, 0.95000),
	(1, 45, 0.00000, 0, 0.53720, 0.65000),
	(1, 46, 0.00000, 0, 1.36360, 1.65000),
	(1, 47, 0.00000, 0, 0.53720, 0.65000),
	(1, 48, 0.00000, 0, 1.03310, 1.25000),
	(1, 49, 0.00000, 0, 1.03310, 1.25000),
	(1, 50, 0.00000, 0, 0.78510, 0.95000),
	(1, 51, 0.00000, 0, 0.33060, 0.40000),
	(1, 52, 0.00000, 0, 0.61980, 0.75000),
	(1, 53, 0.00000, 0, 0.70250, 0.85000),
	(1, 54, 0.00000, 0, 0.70250, 0.85000),
	(1, 55, 0.00000, 0, 0.53720, 0.65000),
	(1, 56, 0.00000, 0, 0.49590, 0.60000),
	(1, 57, 0.00000, 0, 0.00000, 0.00000),
	(1, 58, 0.00000, 0, 0.91350, 0.95000),
	(1, 59, 0.00000, 0, 3.63640, 4.00000),
	(2, 1, 0.00000, 0, 0.00000, 0.00000),
	(2, 2, 0.00000, 0, 0.00000, 0.00000),
	(2, 3, 0.00000, 0, 0.00000, 0.00000),
	(2, 4, 0.00000, 0, 0.00000, 0.00000),
	(2, 5, 0.00000, 0, 0.00000, 0.00000),
	(2, 6, 0.00000, 0, 0.00000, 0.00000),
	(2, 7, 0.00000, 0, 0.00000, 0.00000),
	(2, 8, 0.00000, 0, 0.90910, 1.00000),
	(2, 9, 0.00000, 0, 0.82640, 1.00000),
	(2, 10, 0.00000, 0, 0.00000, 0.00000),
	(2, 11, 0.00000, 0, 0.00000, 0.00000),
	(2, 12, 0.00000, 0, 0.00000, 0.00000),
	(2, 13, 0.00000, 0, 0.00000, 0.00000),
	(2, 14, 0.00000, 0, 0.00000, 0.00000),
	(2, 15, 0.00000, 0, 0.00000, 0.00000),
	(2, 16, 0.00000, 0, 0.00000, 0.00000),
	(2, 17, 0.00000, 0, 0.00000, 0.00000),
	(2, 18, 0.00000, 0, 0.00000, 0.00000),
	(2, 19, 0.00000, 0, 0.00000, 0.00000),
	(2, 20, 0.00000, 0, 0.00000, 0.00000),
	(2, 21, 0.00000, 0, 0.00000, 0.00000),
	(2, 22, 0.00000, 0, 0.00000, 0.00000),
	(2, 23, 0.00000, 0, 0.00000, 0.00000),
	(2, 24, 0.00000, 0, 0.00000, 0.00000),
	(2, 25, 0.00000, 0, 0.00000, 0.00000),
	(2, 26, 0.00000, 0, 0.00000, 0.00000),
	(2, 27, 0.00000, 0, 0.00000, 0.00000),
	(2, 28, 0.00000, 0, 0.00000, 0.00000),
	(2, 29, 0.00000, 0, 0.00000, 0.00000),
	(2, 30, 0.00000, 0, 0.00000, 0.00000),
	(2, 31, 0.00000, 0, 0.00000, 0.00000),
	(2, 32, 0.00000, 0, 0.00000, 0.00000),
	(2, 33, 0.00000, 0, 0.00000, 0.00000),
	(2, 34, 0.00000, 0, 0.00000, 0.00000),
	(2, 35, 0.00000, 0, 0.00000, 0.00000),
	(2, 36, 0.00000, 0, 0.00000, 0.00000),
	(2, 37, 0.00000, 0, 0.00000, 0.00000),
	(2, 38, 0.00000, 0, 0.00000, 0.00000),
	(2, 39, 0.00000, 0, 0.00000, 0.00000),
	(2, 40, 0.00000, 0, 0.00000, 0.00000),
	(2, 41, 0.00000, 0, 0.00000, 0.00000),
	(2, 42, 0.00000, 0, 0.00000, 0.00000),
	(2, 43, 0.00000, 0, 0.00000, 0.00000),
	(2, 44, 0.00000, 0, 0.00000, 0.00000),
	(2, 45, 0.00000, 0, 0.00000, 0.00000),
	(2, 46, 0.00000, 0, 0.00000, 0.00000),
	(2, 47, 0.00000, 0, 0.00000, 0.00000),
	(2, 48, 0.00000, 0, 0.00000, 0.00000),
	(2, 49, 0.00000, 0, 0.00000, 0.00000),
	(2, 50, 0.00000, 0, 0.00000, 0.00000),
	(2, 51, 0.00000, 0, 0.00000, 0.00000),
	(2, 52, 0.00000, 0, 0.00000, 0.00000),
	(2, 53, 0.00000, 0, 0.00000, 0.00000),
	(2, 54, 0.00000, 0, 0.00000, 0.00000),
	(2, 55, 0.00000, 0, 0.00000, 0.00000),
	(2, 56, 0.00000, 0, 0.00000, 0.00000),
	(2, 57, 0.00000, 0, 0.00000, 0.00000),
	(2, 58, 0.00000, 0, 0.00000, 0.00000),
	(2, 59, 0.00000, 0, 0.00000, 0.00000),
	(3, 1, 0.00000, 0, 0.00000, 0.00000),
	(3, 2, 0.00000, 0, 0.00000, 0.00000),
	(3, 3, 0.00000, 0, 0.00000, 0.00000),
	(3, 4, 0.00000, 0, 0.00000, 0.00000),
	(3, 5, 0.00000, 0, 0.00000, 0.00000),
	(3, 6, 0.00000, 0, 0.00000, 0.00000),
	(3, 7, 0.00000, 0, 0.00000, 0.00000),
	(3, 8, 0.00000, 0, 1.81820, 2.00000),
	(3, 9, 0.00000, 0, 2.47930, 3.00000),
	(3, 10, 0.00000, 0, 0.00000, 0.00000),
	(3, 11, 0.00000, 0, 0.00000, 0.00000),
	(3, 12, 0.00000, 0, 0.00000, 0.00000),
	(3, 13, 0.00000, 0, 0.00000, 0.00000),
	(3, 14, 0.00000, 0, 0.00000, 0.00000),
	(3, 15, 0.00000, 0, 0.00000, 0.00000),
	(3, 16, 0.00000, 0, 0.00000, 0.00000),
	(3, 17, 0.00000, 0, 0.00000, 0.00000),
	(3, 18, 0.00000, 0, 0.00000, 0.00000),
	(3, 19, 0.00000, 0, 0.00000, 0.00000),
	(3, 20, 0.00000, 0, 0.00000, 0.00000),
	(3, 21, 0.00000, 0, 0.00000, 0.00000),
	(3, 22, 0.00000, 0, 0.00000, 0.00000),
	(3, 23, 0.00000, 0, 0.00000, 0.00000),
	(3, 24, 0.00000, 0, 0.00000, 0.00000),
	(3, 25, 0.00000, 0, 0.00000, 0.00000),
	(3, 26, 0.00000, 0, 0.00000, 0.00000),
	(3, 27, 0.00000, 0, 0.00000, 0.00000),
	(3, 28, 0.00000, 0, 0.00000, 0.00000),
	(3, 29, 0.00000, 0, 0.00000, 0.00000),
	(3, 30, 0.00000, 0, 0.00000, 0.00000),
	(3, 31, 0.00000, 0, 0.00000, 0.00000),
	(3, 32, 0.00000, 0, 0.00000, 0.00000),
	(3, 33, 0.00000, 0, 0.00000, 0.00000),
	(3, 34, 0.00000, 0, 0.00000, 0.00000),
	(3, 35, 0.00000, 0, 0.00000, 0.00000),
	(3, 36, 0.00000, 0, 0.00000, 0.00000),
	(3, 37, 0.00000, 0, 0.00000, 0.00000),
	(3, 38, 0.00000, 0, 0.00000, 0.00000),
	(3, 39, 0.00000, 0, 0.00000, 0.00000),
	(3, 40, 0.00000, 0, 0.00000, 0.00000),
	(3, 41, 0.00000, 0, 0.00000, 0.00000),
	(3, 42, 0.00000, 0, 0.00000, 0.00000),
	(3, 43, 0.00000, 0, 0.00000, 0.00000),
	(3, 44, 0.00000, 0, 0.00000, 0.00000),
	(3, 45, 0.00000, 0, 0.00000, 0.00000),
	(3, 46, 0.00000, 0, 0.00000, 0.00000),
	(3, 47, 0.00000, 0, 0.00000, 0.00000),
	(3, 48, 0.00000, 0, 0.00000, 0.00000),
	(3, 49, 0.00000, 0, 0.00000, 0.00000),
	(3, 50, 0.00000, 0, 0.00000, 0.00000),
	(3, 51, 0.00000, 0, 0.00000, 0.00000),
	(3, 52, 0.00000, 0, 0.00000, 0.00000),
	(3, 53, 0.00000, 0, 0.00000, 0.00000),
	(3, 54, 0.00000, 0, 0.00000, 0.00000),
	(3, 55, 0.00000, 0, 0.00000, 0.00000),
	(3, 56, 0.00000, 0, 0.00000, 0.00000),
	(3, 57, 0.00000, 0, 0.00000, 0.00000),
	(3, 58, 0.00000, 0, 0.00000, 0.00000),
	(3, 59, 0.00000, 0, 0.00000, 0.00000);
/*!40000 ALTER TABLE `ltarifas` ENABLE KEYS */;

-- Volcando estructura para tabla ids_tpv.meses
CREATE TABLE IF NOT EXISTS `meses` (
  `mes` int(11) NOT NULL,
  PRIMARY KEY (`mes`)
) ENGINE=InnoDB DEFAULT CHARSET=latin1;

-- Volcando datos para la tabla ids_tpv.meses: ~12 rows (aproximadamente)
DELETE FROM `meses`;
/*!40000 ALTER TABLE `meses` DISABLE KEYS */;
INSERT INTO `meses` (`mes`) VALUES
	(1),
	(2),
	(3),
	(4),
	(5),
	(6),
	(7),
	(8),
	(9),
	(10),
	(11),
	(12);
/*!40000 ALTER TABLE `meses` ENABLE KEYS */;

-- Volcando estructura para tabla ids_tpv.notas
CREATE TABLE IF NOT EXISTS `notas` (
  `NOTA_ID` int(10) NOT NULL AUTO_INCREMENT,
  `NOTA_NOM` varchar(50) DEFAULT NULL,
  `NOTA_ORDEN` int(10) NOT NULL,
  `NOTA_NOM_CORTO` varchar(20) DEFAULT NULL,
  `NOTA_IMAGEN` varchar(250) DEFAULT NULL,
  `NOTA_NOM_LARGO` varchar(50) DEFAULT NULL,
  `NOTA_COLOR_FONDO` varchar(50) DEFAULT NULL,
  `NOTA_COLOR_FUENTE` varchar(50) DEFAULT NULL,
  `NOTA_FNOTA_ID` int(10) NOT NULL,
  PRIMARY KEY (`NOTA_ID`)
) ENGINE=InnoDB AUTO_INCREMENT=2 DEFAULT CHARSET=latin1;

-- Volcando datos para la tabla ids_tpv.notas: ~0 rows (aproximadamente)
DELETE FROM `notas`;
/*!40000 ALTER TABLE `notas` DISABLE KEYS */;
INSERT INTO `notas` (`NOTA_ID`, `NOTA_NOM`, `NOTA_ORDEN`, `NOTA_NOM_CORTO`, `NOTA_IMAGEN`, `NOTA_NOM_LARGO`, `NOTA_COLOR_FONDO`, `NOTA_COLOR_FUENTE`, `NOTA_FNOTA_ID`) VALUES
	(1, 'SIN HIELO', 1, '', '', 'SIN HIELO', '-16744320', '-1', 1);
/*!40000 ALTER TABLE `notas` ENABLE KEYS */;

-- Volcando estructura para tabla ids_tpv.objetos_salon
CREATE TABLE IF NOT EXISTS `objetos_salon` (
  `OBJSALON_ID` int(10) NOT NULL AUTO_INCREMENT,
  `OBJSALON_NOM` varchar(30) DEFAULT NULL,
  `OBJSALON_TOP` double(15,5) DEFAULT NULL,
  `OBJSALON_LEFT` double(15,5) DEFAULT NULL,
  `OBJSALON_ORDEN` int(10) NOT NULL,
  `OBJSALON_N_SALON` int(10) NOT NULL,
  PRIMARY KEY (`OBJSALON_ID`)
) ENGINE=InnoDB AUTO_INCREMENT=10 DEFAULT CHARSET=latin1;

-- Volcando datos para la tabla ids_tpv.objetos_salon: ~8 rows (aproximadamente)
DELETE FROM `objetos_salon`;
/*!40000 ALTER TABLE `objetos_salon` DISABLE KEYS */;
INSERT INTO `objetos_salon` (`OBJSALON_ID`, `OBJSALON_NOM`, `OBJSALON_TOP`, `OBJSALON_LEFT`, `OBJSALON_ORDEN`, `OBJSALON_N_SALON`) VALUES
	(1, 'mesa', 344.00000, 433.00000, 1, 1),
	(2, 'mesa', 345.00000, 534.00000, 2, 1),
	(3, 'mesa', 138.00000, 765.00000, 3, 1),
	(4, 'taburete', 281.00000, 664.00000, 4, 1),
	(5, 'mesa', 130.00000, 465.00000, 5, 2),
	(6, 'taburete', 145.00000, 631.00000, 6, 2),
	(7, 'barra_horizontal', 234.00000, 141.00000, 0, 1),
	(8, 'separador_horizontal', 130.00000, 465.00000, 0, 1),
	(9, 'barra_horizontal', 217.00000, 468.00000, 0, 1);
/*!40000 ALTER TABLE `objetos_salon` ENABLE KEYS */;

-- Volcando estructura para tabla ids_tpv.tarifas
CREATE TABLE IF NOT EXISTS `tarifas` (
  `TARIFA_ID` int(10) NOT NULL AUTO_INCREMENT,
  `TARIFA_NOM` varchar(50) DEFAULT NULL,
  `TARIFA_FORMULA` varchar(200) DEFAULT NULL,
  `TARIFA_MARGEN` double(15,5) DEFAULT NULL,
  `TARIFA_ACTUALIZADA` datetime DEFAULT NULL,
  PRIMARY KEY (`TARIFA_ID`)
) ENGINE=InnoDB DEFAULT CHARSET=latin1;

-- Volcando datos para la tabla ids_tpv.tarifas: ~0 rows (aproximadamente)
DELETE FROM `tarifas`;
/*!40000 ALTER TABLE `tarifas` DISABLE KEYS */;
/*!40000 ALTER TABLE `tarifas` ENABLE KEYS */;

-- Volcando estructura para tabla ids_tpv.terminal
CREATE TABLE IF NOT EXISTS `terminal` (
  `TER_ID` int(10) NOT NULL AUTO_INCREMENT,
  `TER_NOM` varchar(50) DEFAULT NULL,
  `TER_CAJA` int(11) DEFAULT NULL,
  `TER_PRN_TICKET` int(11) DEFAULT NULL,
  `TER_PRN_FACTURA` int(11) DEFAULT NULL,
  `TER_PRN_COCINA1` int(11) DEFAULT NULL,
  `TER_PRN_COCINA2` int(11) DEFAULT NULL,
  `TER_PRN_AUXILIAR2` int(11) DEFAULT NULL,
  `TER_PARAM_CAJON` varchar(250) DEFAULT NULL,
  `TER_BLOQUEADO` int(11) DEFAULT NULL,
  `TER_RUTA_COPIA` varchar(250) DEFAULT NULL,
  `TER_COPIA` int(11) DEFAULT NULL,
  `TER_NUMERO_COPIAS_TICKET` int(11) DEFAULT NULL,
  `TER_NUMERO_COPIAS_COMANDA` int(11) DEFAULT NULL,
  `TER_NUMERO_COPIAS_AUXILIAR` int(11) DEFAULT NULL,
  `TER_NUMERO_COPIAS_AUXILIAR2` int(11) DEFAULT NULL,
  `TER_NUMERO_COPIAS_FACTURA` int(11) DEFAULT NULL,
  `TER_PUERTO` varchar(50) DEFAULT NULL,
  `TER_FORMATO_TICKET` varchar(250) DEFAULT NULL,
  `TER_FORMATO_FACTURA` varchar(250) DEFAULT NULL,
  `TER_NOM_PC_USER` varchar(250) DEFAULT NULL,
  PRIMARY KEY (`TER_ID`)
) ENGINE=InnoDB AUTO_INCREMENT=3 DEFAULT CHARSET=latin1;

-- Volcando datos para la tabla ids_tpv.terminal: ~2 rows (aproximadamente)
DELETE FROM `terminal`;
/*!40000 ALTER TABLE `terminal` DISABLE KEYS */;
INSERT INTO `terminal` (`TER_ID`, `TER_NOM`, `TER_CAJA`, `TER_PRN_TICKET`, `TER_PRN_FACTURA`, `TER_PRN_COCINA1`, `TER_PRN_COCINA2`, `TER_PRN_AUXILIAR2`, `TER_PARAM_CAJON`, `TER_BLOQUEADO`, `TER_RUTA_COPIA`, `TER_COPIA`, `TER_NUMERO_COPIAS_TICKET`, `TER_NUMERO_COPIAS_COMANDA`, `TER_NUMERO_COPIAS_AUXILIAR`, `TER_NUMERO_COPIAS_AUXILIAR2`, `TER_NUMERO_COPIAS_FACTURA`, `TER_PUERTO`, `TER_FORMATO_TICKET`, `TER_FORMATO_FACTURA`, `TER_NOM_PC_USER`) VALUES
	(1, 'SERVIDOR', 1, 1, 1, 0, 0, 0, '27,112,0,60,240', 1, '', 0, 1, 1, 1, 1, 1, '', 'ids_tpv.frx', 'ids_tpv_factura.frx', 'SERVIDOR_TPV\\Indusoft'),
	(2, 'MOVIL', 1, 1, 1, 0, 0, 0, '27,112,0,60,240', 1, '', 0, 1, 1, 1, 1, 1, '', 'ids_tpv.frx', 'ids_tpv_factura.frx', 'SERVIDOR_TPV\\Indusoft');
/*!40000 ALTER TABLE `terminal` ENABLE KEYS */;

-- Volcando estructura para tabla ids_tpv.tipo_iva
CREATE TABLE IF NOT EXISTS `tipo_iva` (
  `TIVA_ID` int(10) NOT NULL AUTO_INCREMENT,
  `TIVA_NOM` varchar(50) DEFAULT NULL,
  `TIVA_IVA1` double(15,5) DEFAULT NULL,
  `TIVA_IVA2` double(15,5) DEFAULT NULL,
  `TIVA_IVA3` double(15,5) DEFAULT NULL,
  `TIVA_IVA4` double(15,5) DEFAULT NULL,
  `TIVA_REC1` double(15,5) DEFAULT NULL,
  `TIVA_REC2` double(15,5) DEFAULT NULL,
  `TIVA_REC3` double(15,5) DEFAULT NULL,
  `TIVA_REC4` double(15,5) DEFAULT NULL,
  PRIMARY KEY (`TIVA_ID`)
) ENGINE=InnoDB AUTO_INCREMENT=2 DEFAULT CHARSET=latin1;

-- Volcando datos para la tabla ids_tpv.tipo_iva: ~0 rows (aproximadamente)
DELETE FROM `tipo_iva`;
/*!40000 ALTER TABLE `tipo_iva` DISABLE KEYS */;
INSERT INTO `tipo_iva` (`TIVA_ID`, `TIVA_NOM`, `TIVA_IVA1`, `TIVA_IVA2`, `TIVA_IVA3`, `TIVA_IVA4`, `TIVA_REC1`, `TIVA_REC2`, `TIVA_REC3`, `TIVA_REC4`) VALUES
	(1, 'Iva por defecto', 21.00000, 10.00000, 4.00000, 0.00000, 5.20000, 1.40000, 0.50000, 0.00000);
/*!40000 ALTER TABLE `tipo_iva` ENABLE KEYS */;

-- Volcando estructura para tabla ids_tpv.usuarios
CREATE TABLE IF NOT EXISTS `usuarios` (
  `USER_ID` int(11) NOT NULL AUTO_INCREMENT,
  `USER_NOM` varchar(50) DEFAULT NULL,
  `USER_PWD` varchar(16) DEFAULT NULL,
  `USER_ADMIN` int(11) DEFAULT NULL,
  PRIMARY KEY (`USER_ID`)
) ENGINE=InnoDB AUTO_INCREMENT=3 DEFAULT CHARSET=latin1;

-- Volcando datos para la tabla ids_tpv.usuarios: ~2 rows (aproximadamente)
DELETE FROM `usuarios`;
/*!40000 ALTER TABLE `usuarios` DISABLE KEYS */;
INSERT INTO `usuarios` (`USER_ID`, `USER_NOM`, `USER_PWD`, `USER_ADMIN`) VALUES
	(1, 'ADMINISTRADOR', '1234', 0),
	(2, 'USUARIO', '1235', 1);
/*!40000 ALTER TABLE `usuarios` ENABLE KEYS */;

/*!40101 SET SQL_MODE=IFNULL(@OLD_SQL_MODE, '') */;
/*!40014 SET FOREIGN_KEY_CHECKS=IFNULL(@OLD_FOREIGN_KEY_CHECKS, 1) */;
/*!40101 SET CHARACTER_SET_CLIENT=@OLD_CHARACTER_SET_CLIENT */;
/*!40111 SET SQL_NOTES=IFNULL(@OLD_SQL_NOTES, 1) */;
